,smoothed_response,character_change,object_change,landmark_change,location_change,time_of_day_change,sound_presence_change
0,2.2421262952111163e-05,0.0,0.0,0.0,0.0,0.0,0.0
1,0.00036451314950862267,0.0,0.0,0.0,0.0,0.0,0.0
2,0.001052640319905311,0.0,0.0,0.0,0.0,0.0,0.0
3,0.002208041886130912,0.0,0.0,0.0,0.0,0.0,0.0
4,0.0036430888012897265,0.0,0.0,0.0,0.0,0.0,0.0
5,0.004728453754073785,0.0,0.0,0.0,0.0,0.0,0.0
6,0.004828173113892991,0.0,0.0,0.0,0.0,0.0,0.0
7,0.003878493082097655,0.0,0.0,0.0,0.0,0.0,0.0
8,0.0024569748770923478,0.0,0.0,0.0,0.0,0.0,0.0
9,0.0014879592373360454,0.0,0.0,0.0,0.0,0.0,0.0
10,0.0013502227257406636,0.0,0.0,0.0,0.0,0.0,0.0
11,0.002002801846548949,0.0,0.0,0.0,0.0,0.0,0.0
12,0.003526187351314245,0.0,0.0,0.0,0.0,0.0,0.0
13,0.0052756706124118865,0.0,0.0,0.0,0.0,0.0,0.0
14,0.0067254632727193195,0.0,0.0,0.0,0.0,0.0,0.1270001270001905
15,0.007907347587094198,0.0,0.0,0.0,0.0,0.0,0.0
16,0.009185449389387859,0.0,0.0,0.0,0.0,0.0,0.1270001270001905
17,0.010563799436437434,0.0,0.0,0.0,0.0,0.0,0.0
18,0.011645324572995584,0.0,0.0,0.0,0.0,0.0,0.0
19,0.011761707927352696,0.0,0.0,0.0,0.0,0.0,0.0
20,0.010727872112963955,0.0,0.0,0.0,0.0,0.0,0.0
21,0.008511114922311323,0.0,0.0,0.0,0.0,0.0,0.0
22,0.005653837993777808,0.0,0.0,0.0,0.0,0.0,0.0
23,0.0031301961742268383,0.0,0.0,0.0,0.0,0.0,0.0
24,0.0013659863619735215,0.0,0.0,0.0,0.0,0.3779644730092272,0.0
25,0.00046663501305317,0.0,0.0,0.0,0.07001400420140048,0.0,0.0
26,5.098937409672518e-05,0.0,0.0,0.0,0.0,0.0,0.0
27,0.0,0.0,0.0,0.0,0.0,0.0,0.0
28,0.0,0.0,0.0,0.0,0.0,0.0,0.0
29,0.0,0.0,0.0,0.0,0.0,0.0,0.0
30,0.0,0.0,0.0,0.0,0.0,0.0,0.0
31,0.0,0.0,0.0,0.0,0.0,0.0,0.0
32,0.0,0.0,0.0,0.0,0.0,0.0,0.0
33,3.1081413310550494e-05,0.0,0.0,0.0,0.0,0.0,0.0
34,0.0007003444376301151,0.0,0.0,0.0,0.0,0.0,0.0
35,0.0032193601746675227,0.0,0.0,0.0,0.0,0.0,0.0
36,0.008813265856076625,0.0,0.0,0.0,0.0,0.0,0.0
37,0.017777000743195836,0.0,0.0,0.0,0.0,0.0,0.0
38,0.028810002765586564,0.0,0.0,0.0,0.0,0.0,0.1270001270001905
39,0.03786460806031204,0.0,0.0,0.0,0.0,0.0,0.1270001270001905
40,0.04095695392718856,0.0,0.0,0.0,0.0,0.0,0.0
41,0.0378532673501978,0.0,0.0,0.0,0.0,0.0,0.0
42,0.03164771208460275,0.0,0.0,0.0,0.0,0.0,0.0
43,0.027148101767812134,0.0,0.0,0.0,0.0,0.0,0.0
44,0.026264455921146276,0.0,0.0,0.0,0.0,0.0,0.0
45,0.026781130328978178,0.0,0.0,0.0,0.0,0.0,0.0
46,0.026186590151773083,0.0,0.0,0.0,0.0,0.0,0.0
47,0.024385497227106933,0.0,0.0,0.0,0.07001400420140048,0.0,0.0
48,0.022960978801508408,0.0,0.0,0.0,0.0,0.0,0.0
49,0.02442782130276401,0.0,0.0,0.0,0.0,0.0,0.0
50,0.02778928507135626,0.0,0.0,0.0,0.0,0.0,0.0
51,0.030232087138063402,0.0,0.0,0.0,0.0,0.0,0.0
52,0.029522274286323598,0.03959037912324479,0.0,0.0,0.14002800840280097,0.0,0.0
53,0.025250096650551675,0.0,0.0,0.0,0.0,0.0,0.0
54,0.0199984816285673,0.0,0.0,0.0,0.0,0.0,0.0
55,0.016808033533942564,0.0,0.0,0.0,0.0,0.0,0.0
56,0.015669627077310126,0.0,0.0,0.0,0.0,0.0,0.0
57,0.01566513898154404,0.03959037912324479,0.0,0.0,0.0,0.0,0.0
58,0.015706302985496103,0.0,0.0,0.0,0.0,0.0,0.0
59,0.014280288275759376,0.03959037912324479,0.0,0.0,0.0,0.0,0.0
60,0.01142118276524772,0.03959037912324479,0.0,0.0,0.0,0.0,0.0
61,0.007659885411913416,0.0,0.0,0.0,0.0,0.0,0.0
62,0.004200223148476415,0.0,0.0,0.0,0.0,0.0,0.0
63,0.0019029008088479818,0.0,0.0,0.0,0.0,0.0,0.0
64,0.001056365755291757,0.0,0.0,0.0,0.0,0.0,0.0
65,0.0025331514346259875,0.0,0.0,0.0,0.0,0.0,0.0
66,0.007212397555189456,0.0,0.0,0.0,0.0,0.0,0.0
67,0.015381123587478627,0.0,0.0,0.0,0.0,0.0,0.0
68,0.026318853738930132,0.0,0.0,0.0,0.0,0.0,0.0
69,0.03732632875284811,0.0,0.0,0.0,0.0,0.0,0.0
70,0.04472782536506933,0.0,0.0,0.0,0.0,0.0,0.0
71,0.046648586695586906,0.03959037912324479,0.0,0.0,0.0,0.0,0.0
72,0.04403788211413258,0.0,0.0,0.0,0.0,0.0,0.0
73,0.038902473713319216,0.0,0.0,0.0,0.14002800840280097,0.0,0.0
74,0.032006616098148415,0.0,0.0,0.0,0.0,0.0,0.0
75,0.023841822381942254,0.0,0.0,0.0,0.0,0.0,0.0
76,0.015505318822442986,0.0,0.0,0.0,0.0,0.0,0.0
77,0.00858327778284958,0.0,0.0,0.0,0.0,0.0,0.0
78,0.0038380304135210387,0.0,0.0,0.0,0.0,0.0,0.0
79,0.0012320131284468843,0.0,0.0,0.0,0.0,0.0,0.0
80,0.00018060862067243946,0.0,0.0,0.0,0.0,0.0,0.0
81,0.0,0.0,0.0,0.0,0.0,0.0,0.0
82,4.3679685863350034e-05,0.0,0.0,0.0,0.0,0.0,0.0
83,0.0008241057347515074,0.0,0.0,0.0,0.0,0.0,0.0
84,0.002697664186217951,0.0,0.0,0.0,0.0,0.0,0.0
85,0.005866327130019554,0.0,0.0,0.0,0.0,0.0,0.0
86,0.010066659745557855,0.0,0.0,0.0,0.0,0.0,0.0
87,0.013638815601631377,0.0,0.0,0.0,0.0,0.0,0.0
88,0.014590861260864599,0.0,0.0,0.0,0.0,0.0,0.0
89,0.01243772165378047,0.0,0.0,0.0,0.0,0.0,0.0
90,0.009134162264368282,0.0,0.0,0.0,0.0,0.0,0.0
91,0.006753773721979549,0.0,0.0,0.0,0.0,0.0,0.0
92,0.006629937138296246,0.0,0.0,0.0,0.0,0.0,0.0
93,0.008021683547267448,0.0,0.0,0.0,0.0,0.0,0.0
94,0.009584550700300504,0.0,0.0,0.0,0.0,0.0,0.0
95,0.009430259195712111,0.0,0.0,0.0,0.0,0.0,0.0
96,0.007356782196271491,0.0,0.0,0.0,0.0,0.0,0.0
97,0.005267029061561146,0.0,0.0,0.0,0.0,0.0,0.0
98,0.005183935152709054,0.0,0.0,0.0,0.0,0.0,0.0
99,0.00788228499214687,0.0,0.0,0.0,0.0,0.0,0.0
100,0.014021703750802153,0.0,0.0,0.0,0.0,0.0,0.0
101,0.021560117842366604,0.0,0.0,0.0,0.0,0.0,0.0
102,0.027556810817617176,0.0,0.0,0.0,0.0,0.0,0.0
103,0.02954969793449622,0.0,0.09016696346674323,0.0,0.0,0.0,0.0
104,0.026792357464162694,0.0,0.0,0.0,0.0,0.0,0.0
105,0.02070642983960178,0.0,0.0,0.0,0.0,0.0,0.0
106,0.014607453541715394,0.0,0.0,0.0,0.0,0.0,0.0
107,0.010793413585153991,0.0,0.0,0.0,0.0,0.0,0.0
108,0.012160862625864082,0.0,0.09016696346674323,0.0,0.0,0.0,0.0
109,0.01793295887330285,0.0,0.0,0.0,0.0,0.0,0.0
110,0.025567011162253007,0.0,0.0,0.0,0.0,0.0,0.0
111,0.032554938658515546,0.0,0.0,0.0,0.0,0.0,0.0
112,0.03607265029495721,0.0,0.0,0.0,0.0,0.0,0.0
113,0.0354523032955609,0.0,0.09016696346674323,0.0,0.07001400420140048,0.0,0.0
114,0.03208387503320849,0.0,0.18033392693348646,0.0,0.0,0.0,0.0
115,0.02789741017878805,0.0,0.18033392693348646,0.0,0.0,0.0,0.0
116,0.024963695906319326,0.0,0.18033392693348646,0.0,0.0,0.0,0.0
117,0.02448467615099117,0.0,0.09016696346674323,0.0,0.0,0.0,0.0
118,0.026392774206413873,0.0,0.0,0.0,0.0,0.0,0.1270001270001905
119,0.030403467348204927,0.0,0.0,0.0,0.0,0.0,0.1270001270001905
120,0.03561902926524308,0.0,0.0,0.0,0.14002800840280097,0.0,0.0
121,0.040148060228237276,0.0,0.0,0.0,0.0,0.0,0.0
122,0.04106942610266367,0.0,0.0,0.15249857033260467,0.0,0.0,0.0
123,0.03710054363209347,0.0,0.0,0.0,0.0,0.0,0.0
124,0.029747148118485334,0.03959037912324479,0.0,0.15249857033260467,0.0,0.0,0.0
125,0.022603746776420575,0.0,0.0,0.0,0.0,0.0,0.0
126,0.017122893262648705,0.0,0.0,0.0,0.0,0.0,0.0
127,0.01363701559797966,0.0,0.0,0.0,0.0,0.0,0.0
128,0.01198755715502998,0.03959037912324479,0.0,0.0,0.0,0.0,0.0
129,0.011413143707294167,0.0,0.0,0.0,0.0,0.0,0.0
130,0.011473148034315091,0.03959037912324479,0.0,0.0,0.0,0.0,0.0
131,0.011926225336042817,0.0,0.0,0.0,0.0,0.0,0.0
132,0.01255249412429977,0.0,0.0,0.0,0.0,0.0,0.0
133,0.012537503162155808,0.0,0.0,0.0,0.0,0.0,0.0
134,0.012116944906139735,0.03959037912324479,0.0,0.0,0.0,0.0,0.0
135,0.01189489293189481,0.0,0.0,0.0,0.0,0.0,0.0
136,0.011562799616563174,0.0,0.0,0.0,0.0,0.0,0.0
137,0.010572119815381892,0.0,0.09016696346674323,0.0,0.0,0.0,0.0
138,0.009960240380886387,0.0,0.0,0.0,0.0,0.0,0.0
139,0.01113936891101472,0.0,0.0,0.0,0.0,0.0,0.0
140,0.015063140812660313,0.0,0.0,0.0,0.0,0.0,0.1270001270001905
141,0.020808113028690196,0.03959037912324479,0.0,0.0,0.0,0.0,0.1270001270001905
142,0.0249947873695157,0.0,0.0,0.0,0.0,0.0,0.0
143,0.025542129349395076,0.0,0.0,0.0,0.0,0.0,0.0
144,0.02236852786087378,0.0,0.09016696346674323,0.0,0.0,0.0,0.0
145,0.01827137551437586,0.0,0.0,0.0,0.0,0.0,0.0
146,0.015172160868310322,0.0,0.0,0.0,0.0,0.0,0.0
147,0.01315044923034338,0.0,0.0,0.0,0.0,0.0,0.0
148,0.011566609882953749,0.0,0.0,0.0,0.0,0.0,0.0
149,0.009847961223703834,0.0,0.0,0.0,0.0,0.0,0.0
150,0.00734482792053382,0.0,0.0,0.0,0.0,0.0,0.0
151,0.004669867269089817,0.0,0.0,0.0,0.0,0.0,0.0
152,0.0032999516063605067,0.0,0.0,0.0,0.0,0.0,0.0
153,0.0037821230740576178,0.0,0.0,0.0,0.0,0.0,0.0
154,0.006709238324175189,0.0,0.0,0.0,0.0,0.0,0.0
155,0.011215641371370343,0.0,0.18033392693348646,0.0,0.0,0.0,0.0
156,0.016393870919649202,0.0,0.0,0.0,0.0,0.0,0.0
157,0.022065915668086033,0.0,0.0,0.0,0.0,0.0,0.0
158,0.029414887448333187,0.0,0.0,0.0,0.0,0.0,0.0
159,0.04010798384228327,0.0,0.09016696346674323,0.0,0.0,0.0,0.0
160,0.0550059736053037,0.0,0.0,0.0,0.0,0.0,0.0
161,0.06969994930182566,0.0,0.0,0.0,0.0,0.0,0.0
162,0.07644818627194751,0.0,0.0,0.0,0.0,0.0,0.0
163,0.07039401131749629,0.0,0.0,0.0,0.0,0.0,0.0
164,0.054904366493195245,0.03959037912324479,0.09016696346674323,0.0,0.0,0.0,0.0
165,0.03812614906161342,0.0,0.0,0.0,0.0,0.0,0.0
166,0.025660335872188186,0.0,0.0,0.0,0.0,0.0,0.0
167,0.0184825493891292,0.0,0.09016696346674323,0.0,0.0,0.0,0.0
168,0.01578330910231645,0.0,0.0,0.0,0.0,0.0,0.0
169,0.015637951472544712,0.0,0.0,0.0,0.0,0.0,0.0
170,0.015873478656428464,0.0,0.0,0.0,0.0,0.0,0.0
171,0.015454458384583095,0.0,0.0,0.0,0.0,0.0,0.0
172,0.014474298636274191,0.0,0.0,0.0,0.0,0.0,0.0
173,0.01354176163159178,0.0,0.0,0.0,0.0,0.0,0.0
174,0.012931260377704513,0.0,0.0,0.0,0.0,0.0,0.0
175,0.013148405246536446,0.0,0.0,0.0,0.0,0.0,0.0
176,0.014178948707927398,0.0,0.0,0.0,0.0,0.0,0.0
177,0.01530285236320423,0.0,0.0,0.0,0.0,0.0,0.0
178,0.015620862686642423,0.0,0.0,0.0,0.0,0.0,0.0
179,0.01546085792922162,0.0,0.0,0.0,0.0,0.0,0.0
180,0.016233162909360024,0.03959037912324479,0.0,0.0,0.0,0.0,0.0
181,0.018978090815296448,0.0,0.0,0.0,0.0,0.0,0.0
182,0.023603198698857727,0.0,0.0,0.0,0.0,0.0,0.0
183,0.030027976115861225,0.0,0.0,0.0,0.0,0.0,0.0
184,0.03804244525584977,0.0,0.0,0.0,0.0,0.0,0.0
185,0.04741548880956243,0.0,0.0,0.0,0.0,0.0,0.0
186,0.05670449034510798,0.0,0.0,0.0,0.0,0.0,0.0
187,0.06353384596359476,0.0,0.09016696346674323,0.15249857033260467,0.14002800840280097,0.0,0.0
188,0.06590006432652364,0.0,0.0,0.0,0.0,0.0,0.0
189,0.06198638007808829,0.0,0.0,0.0,0.0,0.0,0.0
190,0.053018904116956235,0.0,0.0,0.0,0.0,0.0,0.0
191,0.04169977301661116,0.0,0.0,0.0,0.0,0.0,0.0
192,0.0311228088371346,0.03959037912324479,0.0,0.0,0.0,0.0,0.0
193,0.022319979964540645,0.0,0.09016696346674323,0.0,0.0,0.0,0.0
194,0.015293596231198631,0.0,0.18033392693348646,0.0,0.0,0.0,0.0
195,0.00955607476462147,0.0,0.09016696346674323,0.0,0.0,0.0,0.0
196,0.005326067607410292,0.0,0.0,0.0,0.0,0.0,0.0
197,0.0024673380305741364,0.0,0.0,0.0,0.0,0.0,0.0
198,0.0008461694953172353,0.0,0.0,0.0,0.0,0.0,0.0
199,0.0001869028590155712,0.0,0.0,0.0,0.0,0.0,0.0
200,1.6652715966587098e-07,0.0,0.0,0.0,0.0,0.0,0.0
201,0.0,0.03959037912324479,0.0,0.0,0.0,0.0,0.0
202,7.450362412228666e-05,0.0,0.0,0.0,0.0,0.0,0.0
203,0.0008108662487568775,0.0,0.0,0.0,0.0,0.0,0.0
204,0.0022475806537622985,0.0,0.0,0.0,0.0,0.0,0.0
205,0.004613848723221855,0.0,0.0,0.0,0.0,0.0,0.0
206,0.007462566379875794,0.0,0.0,0.0,0.0,0.0,0.0
207,0.009514313718521288,0.0,0.0,0.0,0.0,0.0,0.0
208,0.009792816426620242,0.0,0.0,0.0,0.0,0.0,0.0
209,0.008400460040448574,0.0,0.09016696346674323,0.0,0.0,0.0,0.0
210,0.00658678783136892,0.0,0.0,0.0,0.0,0.0,0.0
211,0.005598349875610456,0.0,0.0,0.0,0.0,0.0,0.0
212,0.005377887920145044,0.0,0.0,0.0,0.0,0.0,0.0
213,0.005106452421824084,0.0,0.09016696346674323,0.0,0.0,0.0,0.1270001270001905
214,0.004800685642127328,0.0,0.0,0.0,0.0,0.0,0.1270001270001905
215,0.004288188518585886,0.0,0.0,0.0,0.0,0.0,0.0
216,0.004282171027333247,0.0,0.0,0.0,0.0,0.0,0.0
217,0.004830106357327714,0.0,0.0,0.0,0.0,0.0,0.0
218,0.005949797705647984,0.0,0.0,0.0,0.0,0.0,0.0
219,0.007836430288847248,0.0,0.0,0.0,0.0,0.0,0.0
220,0.010639776693241579,0.0,0.0,0.0,0.0,0.0,0.0
221,0.015332268362026856,0.0,0.0,0.0,0.0,0.0,0.0
222,0.02097426763607611,0.0,0.0,0.0,0.0,0.0,0.0
223,0.02532497367190345,0.0,0.0,0.0,0.0,0.0,0.0
224,0.027571540992088493,0.0,0.0,0.0,0.0,0.0,0.0
225,0.028803450775380074,0.0,0.0,0.0,0.0,0.0,0.0
226,0.03043472746236132,0.0,0.0,0.0,0.0,0.0,0.0
227,0.033176898451493256,0.0,0.0,0.0,0.0,0.0,0.0
228,0.03763497230701464,0.0,0.0,0.0,0.0,0.0,0.0
229,0.042769066600150764,0.0,0.0,0.0,0.14002800840280097,0.0,0.0
230,0.0461916963704117,0.03959037912324479,0.0,0.0,0.0,0.0,0.0
231,0.04517388952093265,0.0,0.0,0.0,0.0,0.0,0.0
232,0.040083522463100985,0.03959037912324479,0.0,0.0,0.0,0.0,0.0
233,0.03302372421086317,0.0,0.0,0.0,0.0,0.0,0.0
234,0.02631909145768407,0.03959037912324479,0.0,0.0,0.0,0.0,0.0
235,0.021250196656005606,0.0,0.09016696346674323,0.0,0.0,0.0,0.0
236,0.01825573118409906,0.0,0.0,0.0,0.0,0.0,0.0
237,0.016006508212877052,0.03959037912324479,0.0,0.0,0.0,0.0,0.0
238,0.013815683814475774,0.0,0.0,0.0,0.0,0.0,0.0
239,0.012368954649158177,0.0,0.0,0.0,0.0,0.0,0.0
240,0.012739602696124713,0.03959037912324479,0.0,0.0,0.0,0.0,0.0
241,0.015655136255788706,0.0,0.0,0.0,0.0,0.0,0.0
242,0.01992144924397855,0.03959037912324479,0.0,0.0,0.0,0.0,0.0
243,0.022551909790221,0.11877113736973437,0.0,0.0,0.0,0.0,0.0
244,0.021699748964709005,0.03959037912324479,0.0,0.0,0.0,0.0,0.0
245,0.017581649767194507,0.0,0.09016696346674323,0.0,0.0,0.0,0.0
246,0.012280706983057416,0.0,0.0,0.0,0.0,0.0,0.0
247,0.008216036046346298,0.03959037912324479,0.0,0.0,0.0,0.0,0.0
248,0.00621397047624109,0.0,0.0,0.0,0.0,0.0,0.0
249,0.0059262126866805485,0.0,0.0,0.0,0.0,0.0,0.0
250,0.006294079892242086,0.15836151649297917,0.0,0.0,0.07001400420140048,0.0,0.0
251,0.007028138451663359,0.0,0.0,0.0,0.0,0.0,0.0
252,0.008200366094268727,0.0,0.0,0.0,0.0,0.0,0.0
253,0.009895084959708988,0.0,0.0,0.0,0.0,0.0,0.0
254,0.01113016200246047,0.03959037912324479,0.09016696346674323,0.0,0.0,0.0,0.0
255,0.011290290633461984,0.03959037912324479,0.0,0.0,0.0,0.0,0.0
256,0.010412774850743973,0.0,0.0,0.0,0.0,0.0,0.0
257,0.008615217845081407,0.0,0.0,0.0,0.0,0.0,0.0
258,0.006508160002174467,0.0,0.0,0.0,0.0,0.0,0.0
259,0.0047083336677236805,0.03959037912324479,0.0,0.0,0.0,0.0,0.0
260,0.003820728339977891,0.07918075824648958,0.0,0.0,0.0,0.0,0.0
261,0.004096309163351253,0.03959037912324479,0.0,0.0,0.0,0.0,0.0
262,0.004794071680301759,0.07918075824648958,0.0,0.0,0.0,0.0,0.0
263,0.005477761691465043,0.03959037912324479,0.0,0.0,0.0,0.0,0.0
264,0.006033819295867361,0.03959037912324479,0.0,0.0,0.0,0.0,0.0
265,0.006978105108578496,0.0,0.0,0.0,0.0,0.0,0.0
266,0.009382299559135733,0.07918075824648958,0.0,0.0,0.0,0.0,0.0
267,0.012705408346987284,0.0,0.0,0.0,0.0,0.0,0.0
268,0.01600231090994666,0.03959037912324479,0.0,0.0,0.0,0.0,0.0
269,0.018089420237317907,0.0,0.0,0.0,0.0,0.0,0.0
270,0.01823456306231664,0.0,0.0,0.0,0.0,0.0,0.0
271,0.01636363850317394,0.0,0.0,0.0,0.0,0.0,0.0
272,0.013275619754728758,0.03959037912324479,0.0,0.0,0.0,0.0,0.0
273,0.00983649624961838,0.03959037912324479,0.0,0.0,0.0,0.0,0.0
274,0.007467906206766763,0.03959037912324479,0.0,0.0,0.0,0.0,0.0
275,0.006265368376861286,0.0,0.0,0.0,0.0,0.0,0.0
276,0.0056641128977408155,0.0,0.0,0.0,0.0,0.0,0.0
277,0.00510653772963491,0.0,0.0,0.0,0.0,0.0,0.0
278,0.004345060401638076,0.0,0.0,0.0,0.0,0.0,0.0
279,0.003913835754273112,0.0,0.0,0.0,0.0,0.0,0.0
280,0.004189133509043698,0.0,0.0,0.0,0.0,0.0,0.0
281,0.0048016478413563796,0.03959037912324479,0.0,0.0,0.0,0.0,0.0
282,0.004963868957092342,0.0,0.0,0.0,0.0,0.0,0.0
283,0.004644249564213932,0.0,0.0,0.0,0.0,0.0,0.0
284,0.0039864009361325935,0.0,0.0,0.0,0.0,0.0,0.0
285,0.0038093729512513126,0.0,0.0,0.0,0.0,0.0,0.0
286,0.004343359407879553,0.0,0.0,0.0,0.0,0.0,0.0
287,0.004881897296855711,0.0,0.0,0.0,0.0,0.0,0.0
288,0.004852651403535807,0.0,0.0,0.0,0.0,0.0,0.0
289,0.004318988864193727,0.0,0.0,0.0,0.0,0.0,0.0
290,0.0040402107868878654,0.0,0.0,0.0,0.0,0.0,0.0
291,0.004794312629192554,0.0,0.0,0.0,0.0,0.0,0.0
292,0.006715524277977328,0.0,0.18033392693348646,0.0,0.0,0.0,0.0
293,0.008745836740582673,0.03959037912324479,0.0,0.0,0.0,0.0,0.0
294,0.010489545677821455,0.07918075824648958,0.09016696346674323,0.0,0.0,0.0,0.0
295,0.012205262381596691,0.0,0.0,0.0,0.0,0.0,0.0
296,0.015408301751378979,0.0,0.0,0.0,0.0,0.0,0.0
297,0.021582006451966985,0.0,0.0,0.0,0.0,0.0,0.0
298,0.02956105286759163,0.0,0.0,0.0,0.0,0.0,0.0
299,0.035318936291920254,0.0,0.0,0.0,0.0,0.0,0.1270001270001905
300,0.03534940152168365,0.03959037912324479,0.0,0.0,0.0,0.0,0.1270001270001905
301,0.02953484300237314,0.0,0.0,0.0,0.0,0.0,0.0
302,0.020926828543193974,0.0,0.09016696346674323,0.0,0.0,0.0,0.0
303,0.013294750122975792,0.0,0.0,0.0,0.0,0.0,0.0
304,0.008356276052591788,0.0,0.0,0.0,0.0,0.0,0.0
305,0.006386548789008039,0.0,0.0,0.0,0.0,0.0,0.0
306,0.006803171160981628,0.0,0.0,0.0,0.0,0.0,0.0
307,0.00802527874507005,0.0,0.0,0.0,0.0,0.0,0.0
308,0.010322094422647634,0.0,0.0,0.0,0.0,0.0,0.0
309,0.013231386671646595,0.0,0.0,0.0,0.0,0.0,0.0
310,0.015126936955220573,0.11877113736973437,0.09016696346674323,0.0,0.0,0.0,0.0
311,0.014261623298165908,0.0,0.0,0.0,0.0,0.0,0.0
312,0.01106583957124331,0.0,0.0,0.0,0.0,0.0,0.0
313,0.007397706525685479,0.0,0.0,0.0,0.0,0.0,0.0
314,0.005580991701066849,0.0,0.0,0.0,0.0,0.0,0.0
315,0.006587707841613223,0.03959037912324479,0.0,0.0,0.0,0.0,0.0
316,0.0107774394322686,0.0,0.0,0.0,0.0,0.0,0.0
317,0.018461979028414104,0.0,0.0,0.0,0.0,0.0,0.0
318,0.0295149653637803,0.11877113736973437,0.0,0.0,0.0,0.0,0.0
319,0.04260091741555339,0.0,0.0,0.0,0.0,0.0,0.1270001270001905
320,0.05650030597213566,0.0,0.18033392693348646,0.0,0.21004201260420147,0.0,0.0
321,0.06762712469330498,0.0,0.0,0.0,0.0,0.0,0.1270001270001905
322,0.07164635363281582,0.0,0.0,0.0,0.0,0.0,0.0
323,0.06671681963172589,0.0,0.0,0.0,0.0,0.0,0.0
324,0.054790782013120376,0.0,0.0,0.0,0.0,0.0,0.0
325,0.040431940294010725,0.0,0.0,0.0,0.0,0.0,0.0
326,0.02732850932293242,0.0,0.0,0.0,0.0,0.0,0.0
327,0.01716173485275566,0.0,0.0,0.0,0.0,0.0,0.0
328,0.010672269462232318,0.0,0.0,0.0,0.0,0.0,0.0
329,0.007971178607291506,0.0,0.0,0.0,0.0,0.0,0.0
330,0.0068780813408779555,0.0,0.09016696346674323,0.0,0.0,0.0,0.0
331,0.006516392215583391,0.0,0.0,0.0,0.0,0.0,0.0
332,0.00723144505791494,0.0,0.09016696346674323,0.15249857033260467,0.0,0.0,0.0
333,0.008999479073800519,0.0,0.0,0.0,0.0,0.0,0.0
334,0.011683058053967818,0.0,0.0,0.0,0.0,0.0,0.0
335,0.014858526406681966,0.0,0.0,0.0,0.0,0.0,0.0
336,0.01739480938955665,0.0,0.0,0.0,0.0,0.0,0.0
337,0.017841849627460448,0.0,0.0,0.0,0.0,0.0,0.0
338,0.01622606721470371,0.0,0.0,0.15249857033260467,0.0,0.0,0.0
339,0.01354584582859177,0.0,0.0,0.0,0.0,0.0,0.0
340,0.011303571782089726,0.0,0.0,0.0,0.0,0.0,0.0
341,0.00977320685013825,0.0,0.0,0.0,0.0,0.0,0.0
342,0.008173442497300672,0.0,0.0,0.0,0.0,0.0,0.0
343,0.006627021179598394,0.0,0.0,0.0,0.0,0.0,0.0
344,0.004706717169024767,0.0,0.0,0.15249857033260467,0.0,0.0,0.0
345,0.0031153194563474248,0.0,0.0,0.0,0.14002800840280097,0.0,0.0
346,0.0031000366019545214,0.0,0.0,0.15249857033260467,0.0,0.0,0.0
347,0.004943113813005317,0.0,0.0,0.0,0.0,0.0,0.0
348,0.008383256768768544,0.0,0.0,0.0,0.0,0.0,0.0
349,0.012566820898865351,0.0,0.0,0.0,0.0,0.0,0.0
350,0.01589944497351115,0.0,0.0,0.0,0.0,0.0,0.0
351,0.017800873599003706,0.0,0.0,0.0,0.0,0.0,0.0
352,0.01929465050800699,0.0,0.0,0.0,0.0,0.0,0.0
353,0.022717458152737242,0.0,0.0,0.0,0.0,0.0,0.0
354,0.028206783574174624,0.0,0.0,0.0,0.0,0.0,0.1270001270001905
355,0.03406260648469966,0.0,0.0,0.0,0.0,0.0,0.1270001270001905
356,0.0387579870970205,0.0,0.0,0.0,0.0,0.0,0.0
357,0.04103040413613049,0.0,0.0,0.0,0.0,0.0,0.0
358,0.03992498599132117,0.0,0.0,0.0,0.0,0.0,0.0
359,0.03514031128984808,0.0,0.0,0.0,0.0,0.0,0.0
360,0.0281322099795636,0.0,0.0,0.0,0.0,0.0,0.0
361,0.021174047207452508,0.0,0.0,0.0,0.0,0.0,0.0
362,0.015877406003653095,0.0,0.0,0.0,0.0,0.0,0.0
363,0.012819393264310093,0.0,0.0,0.0,0.0,0.0,0.0
364,0.01216585259504341,0.0,0.0,0.0,0.0,0.0,0.0
365,0.012918012880567185,0.0,0.0,0.0,0.0,0.0,0.0
366,0.013589178557419278,0.0,0.0,0.0,0.0,0.0,0.0
367,0.01285895382042196,0.0,0.0,0.0,0.0,0.0,0.0
368,0.010374453319587732,0.0,0.0,0.0,0.0,0.0,0.0
369,0.006976128585356279,0.0,0.0,0.0,0.0,0.0,0.0
370,0.0037255820774437587,0.0,0.0,0.0,0.0,0.0,0.0
371,0.0016047650676439009,0.0,0.0,0.0,0.0,0.0,0.0
372,0.00045085167501246183,0.0,0.0,0.0,0.0,0.0,0.0
373,2.4862555223252164e-05,0.0,0.0,0.0,0.0,0.0,0.0
374,1.7339804630972192e-08,0.0,0.09016696346674323,0.0,0.0,0.0,0.0
375,0.0003165263342956235,0.0,0.0,0.0,0.0,0.0,0.0
376,0.00241041216055479,0.0,0.09016696346674323,0.0,0.0,0.0,0.0
377,0.007283384244937128,0.0,0.0,0.0,0.0,0.0,0.0
378,0.017963998690881337,0.0,0.0,0.0,0.0,0.0,0.0
379,0.034464748103079035,0.0,0.0,0.0,0.0,0.0,0.0
380,0.054400580465631676,0.0,0.0,0.0,0.0,0.0,0.1270001270001905
381,0.07263468967187837,0.07918075824648958,0.0,0.0,0.0,0.0,0.1270001270001905
382,0.08276321102723702,0.0,0.0,0.0,0.0,0.0,0.0
383,0.08128573677938015,0.03959037912324479,0.0,0.0,0.0,0.0,0.0
384,0.0698644921060685,0.0,0.0,0.0,0.0,0.0,0.0
385,0.05464645903790256,0.0,0.0,0.0,0.0,0.0,0.1270001270001905
386,0.04095435206984207,0.0,0.0,0.0,0.0,0.0,0.1270001270001905
387,0.03146941105527797,0.03959037912324479,0.0,0.0,0.0,0.0,0.0
388,0.0245330175172883,0.03959037912324479,0.0,0.0,0.0,0.0,0.0
389,0.019605561198299527,0.0,0.0,0.0,0.0,0.0,0.0
390,0.015375900954365258,0.0,0.0,0.0,0.0,0.0,0.0
391,0.012553000276279742,0.0,0.0,0.0,0.0,0.0,0.0
392,0.011990808570589083,0.0,0.0,0.0,0.0,0.0,0.0
393,0.01334318102615013,0.0,0.0,0.0,0.0,0.0,0.0
394,0.014503441089971906,0.07918075824648958,0.0,0.0,0.0,0.0,0.0
395,0.013549325009215353,0.0,0.0,0.0,0.0,0.0,0.0
396,0.010701682062777006,0.0,0.0,0.0,0.0,0.0,0.0
397,0.0073068820404620614,0.0,0.0,0.0,0.0,0.0,0.0
398,0.005052745959541471,0.0,0.0,0.0,0.0,0.0,0.0
399,0.004419249082406102,0.0,0.0,0.0,0.0,0.0,0.0
400,0.004718852167543245,0.0,0.0,0.0,0.0,0.0,0.0
401,0.0049119009077322655,0.07918075824648958,0.0,0.0,0.0,0.0,0.0
402,0.004187631576181497,0.0,0.0,0.0,0.0,0.0,0.0
403,0.0028092438057353945,0.0,0.0,0.0,0.0,0.0,0.0
404,0.0016845863148135035,0.0,0.0,0.0,0.0,0.0,0.0
405,0.0013888696594118201,0.0,0.0,0.0,0.0,0.0,0.0
406,0.0018774155701283607,0.0,0.0,0.0,0.0,0.0,0.0
407,0.0031610343090153676,0.0,0.0,0.0,0.0,0.0,0.0
408,0.004448300371046588,0.0,0.0,0.0,0.0,0.0,0.0
409,0.004924553587395621,0.0,0.0,0.0,0.0,0.0,0.0
410,0.004289021436631273,0.0,0.0,0.0,0.0,0.0,0.0
411,0.0029386888123801806,0.0,0.0,0.0,0.0,0.0,0.0
412,0.001583848275931042,0.0,0.0,0.0,0.0,0.0,0.0
413,0.0006708012230075443,0.07918075824648958,0.0,0.0,0.0,0.0,0.0
414,0.00034667765747997274,0.0,0.0,0.0,0.0,0.0,0.0
415,0.0011222874240210058,0.0,0.0,0.0,0.0,0.0,0.0
416,0.0028821749626236934,0.0,0.0,0.0,0.0,0.0,0.0
417,0.005920944197618726,0.0,0.0,0.0,0.0,0.0,0.0
418,0.00951428419195655,0.03959037912324479,0.0,0.0,0.0,0.0,0.0
419,0.012424134553370002,0.0,0.0,0.0,0.0,0.0,0.0
420,0.013574178809015324,0.03959037912324479,0.0,0.0,0.0,0.0,0.0
421,0.01267081781587737,0.0,0.0,0.0,0.0,0.0,0.0
422,0.010708293362348121,0.0,0.0,0.0,0.0,0.0,0.0
423,0.009223165342679038,0.03959037912324479,0.0,0.0,0.0,0.0,0.0
424,0.008711026167473228,0.0,0.0,0.0,0.0,0.0,0.0
425,0.010468956733718402,0.03959037912324479,0.0,0.0,0.0,0.0,0.0
426,0.01511497331362536,0.0,0.09016696346674323,0.0,0.0,0.0,0.0
427,0.023842155060573116,0.0,0.09016696346674323,0.0,0.0,0.0,0.0
428,0.037791850125544785,0.0,0.0,0.0,0.0,0.0,0.0
429,0.054323979573200065,0.03959037912324479,0.0,0.0,0.0,0.0,0.0
430,0.06934844225071889,0.03959037912324479,0.0,0.30499714066520933,0.21004201260420147,0.0,0.1270001270001905
431,0.07785620008354448,0.0,0.0,0.0,0.0,0.0,0.1270001270001905
432,0.07663458331042873,0.0,0.0,0.0,0.0,0.0,0.0
433,0.06656839380794856,0.0,0.0,0.0,0.0,0.0,0.0
434,0.051877611528087945,0.0,0.0,0.0,0.0,0.0,0.0
435,0.03724059620188653,0.0,0.0,0.0,0.0,0.0,0.0
436,0.02584762310481204,0.0,0.0,0.0,0.0,0.0,0.0
437,0.017620177237225036,0.0,0.0,0.0,0.0,0.0,0.0
438,0.011757248478068163,0.0,0.0,0.0,0.0,0.0,0.0
439,0.008377168631585807,0.0,0.0,0.0,0.0,0.0,0.0
440,0.0065286233355538814,0.0,0.0,0.0,0.0,0.0,0.1270001270001905
441,0.005826620613556221,0.0,0.0,0.0,0.0,0.0,0.1270001270001905
442,0.005115844535353992,0.0,0.0,0.0,0.0,0.0,0.0
443,0.004336410709144531,0.0,0.0,0.0,0.0,0.0,0.0
444,0.00403310101792328,0.0,0.0,0.0,0.0,0.0,0.0
445,0.005004977004558385,0.0,0.0,0.0,0.0,0.0,0.0
446,0.00811570465741488,0.0,0.0,0.0,0.0,0.0,0.0
447,0.012567607230514113,0.0,0.0,0.0,0.0,0.0,0.0
448,0.017116354468767806,0.0,0.0,0.0,0.0,0.0,0.0
449,0.020036350867006676,0.0,0.0,0.0,0.07001400420140048,0.0,0.0
450,0.02012633465698267,0.0,0.0,0.0,0.0,0.0,0.0
451,0.017204331412094296,0.0,0.0,0.0,0.0,0.0,0.0
452,0.012313159109898976,0.0,0.0,0.0,0.0,0.0,0.0
453,0.0073768123951662564,0.0,0.0,0.0,0.0,0.0,0.0
454,0.004551579676442131,0.0,0.0,0.0,0.0,0.0,0.0
455,0.0043747389734218765,0.0,0.0,0.0,0.0,0.0,0.0
456,0.007480966901405358,0.0,0.0,0.0,0.0,0.0,0.0
457,0.01307673509666009,0.0,0.0,0.0,0.0,0.0,0.0
458,0.01978165279672124,0.0,0.0,0.0,0.0,0.0,0.0
459,0.025817502294796252,0.0,0.0,0.0,0.0,0.0,0.0
460,0.02952299656142809,0.0,0.0,0.0,0.0,0.0,0.0
461,0.02985452517329307,0.0,0.0,0.0,0.0,0.0,0.0
462,0.027374153311893513,0.0,0.0,0.0,0.0,0.0,0.0
463,0.023831486031191666,0.0,0.0,0.0,0.0,0.0,0.0
464,0.020720120832685082,0.0,0.0,0.0,0.0,0.0,0.0
465,0.019090631966032875,0.0,0.0,0.0,0.0,0.0,0.0
466,0.019341136693843665,0.0,0.09016696346674323,0.0,0.0,0.0,0.0
467,0.021564325845419945,0.03959037912324479,0.0,0.0,0.0,0.0,0.0
468,0.023343341677190432,0.0,0.0,0.0,0.0,0.0,0.0
469,0.023463654618288587,0.0,0.0,0.0,0.07001400420140048,0.0,0.0
470,0.02179070788158322,0.0,0.09016696346674323,0.0,0.0,0.0,0.0
471,0.01871690865809115,0.0,0.0,0.0,0.0,0.0,0.0
472,0.015095380895524332,0.0,0.0,0.0,0.0,0.0,0.0
473,0.012277838263922378,0.0,0.0,0.0,0.0,0.0,0.0
474,0.011689415528972335,0.0,0.0,0.0,0.0,0.0,0.0
475,0.014264648603612902,0.0,0.0,0.0,0.0,0.0,0.0
476,0.01998272668473786,0.0,0.0,0.0,0.0,0.0,0.0
477,0.02784984933623656,0.0,0.09016696346674323,0.0,0.0,0.0,0.0
478,0.035615191342629665,0.0,0.0,0.0,0.0,0.0,0.0
479,0.03947264531748192,0.03959037912324479,0.0,0.0,0.0,0.0,0.0
480,0.03732968252265852,0.0,0.0,0.0,0.0,0.0,0.0
481,0.030342476198479074,0.0,0.0,0.0,0.0,0.0,0.0
482,0.02196800448306502,0.0,0.0,0.0,0.0,0.0,0.0
483,0.016147646217795856,0.03959037912324479,0.0,0.0,0.0,0.0,0.0
484,0.013945635258609897,0.0,0.0,0.0,0.0,0.0,0.0
485,0.013619713870062021,0.03959037912324479,0.0,0.0,0.0,0.0,0.0
486,0.013857289774492219,0.0,0.0,0.0,0.0,0.0,0.0
487,0.013591661473461232,0.0,0.0,0.0,0.0,0.0,0.0
488,0.012293116613719974,0.0,0.0,0.0,0.0,0.0,0.0
489,0.009980388186270936,0.03959037912324479,0.0,0.0,0.0,0.0,0.0
490,0.006892420949151893,0.0,0.0,0.0,0.0,0.0,0.0
491,0.004064037595772528,0.0,0.0,0.0,0.0,0.0,0.0
492,0.0025155142750996726,0.0,0.0,0.0,0.0,0.0,0.0
493,0.002686431967656562,0.0,0.0,0.0,0.0,0.0,0.0
494,0.004840653873970835,0.0,0.0,0.0,0.0,0.0,0.0
495,0.008548234115247532,0.0,0.0,0.0,0.0,0.0,0.0
496,0.012519174917040209,0.0,0.09016696346674323,0.0,0.0,0.0,0.0
497,0.015243204169284133,0.0,0.0,0.0,0.0,0.0,0.0
498,0.016010965608979424,0.0,0.0,0.0,0.0,0.0,0.0
499,0.016445266158573196,0.0,0.0,0.0,0.0,0.0,0.0
500,0.017755412010211816,0.0,0.0,0.0,0.0,0.0,0.0
501,0.020494491618168784,0.03959037912324479,0.0,0.0,0.0,0.0,0.0
502,0.023033272725232926,0.0,0.0,0.0,0.0,0.0,0.0
503,0.023477238806324366,0.0,0.0,0.0,0.0,0.0,0.0
504,0.021451580530356746,0.0,0.0,0.0,0.0,0.0,0.0
505,0.01824011739728525,0.0,0.0,0.0,0.0,0.0,0.0
506,0.01612297386570926,0.0,0.0,0.0,0.0,0.0,0.0
507,0.016647196394877422,0.0,0.0,0.0,0.0,0.0,0.0
508,0.01970473476131846,0.0,0.0,0.0,0.0,0.0,0.0
509,0.023670398914734537,0.0,0.0,0.0,0.0,0.0,0.0
510,0.027010837378602538,0.0,0.0,0.0,0.0,0.0,0.0
511,0.027595551367663375,0.0,0.0,0.0,0.0,0.0,0.0
512,0.02587997920890983,0.0,0.0,0.0,0.0,0.0,0.0
513,0.02329798804919936,0.0,0.0,0.0,0.0,0.0,0.0
514,0.021117381189497433,0.0,0.0,0.0,0.0,0.0,0.0
515,0.019599722321007915,0.0,0.0,0.0,0.0,0.0,0.0
516,0.018631201264730442,0.0,0.0,0.0,0.0,0.0,0.0
517,0.018824624799097096,0.0,0.0,0.0,0.0,0.0,0.0
518,0.0206935021790236,0.0,0.0,0.0,0.0,0.0,0.0
519,0.02315718118767994,0.0,0.0,0.0,0.0,0.0,0.0
520,0.02517652508390213,0.0,0.09016696346674323,0.0,0.0,0.0,0.0
521,0.026989758866157173,0.0,0.0,0.0,0.0,0.0,0.0
522,0.028470617863351748,0.0,0.0,0.0,0.0,0.0,0.0
523,0.029340535605400134,0.0,0.0,0.0,0.0,0.0,0.0
524,0.029055426940300177,0.0,0.0,0.0,0.0,0.0,0.0
525,0.02779228336162914,0.0,0.0,0.0,0.0,0.0,0.0
526,0.025621052780850688,0.0,0.0,0.0,0.0,0.0,0.0
527,0.02328031242325292,0.0,0.0,0.0,0.0,0.0,0.0
528,0.02126315153598491,0.0,0.0,0.0,0.0,0.0,0.0
529,0.020530801992455112,0.0,0.0,0.0,0.0,0.0,0.0
530,0.020218375949625292,0.0,0.0,0.0,0.0,0.0,0.0
531,0.021123824313808517,0.0,0.0,0.0,0.0,0.0,0.0
532,0.023722327652741477,0.0,0.09016696346674323,0.0,0.0,0.0,0.0
533,0.026906431807350997,0.0,0.0,0.0,0.0,0.0,0.0
534,0.028367542117064666,0.0,0.0,0.0,0.0,0.0,0.0
535,0.027995813441987316,0.0,0.0,0.0,0.0,0.0,0.0
536,0.029084872613996556,0.0,0.0,0.0,0.0,0.0,0.0
537,0.03480550372604817,0.0,0.0,0.0,0.0,0.0,0.0
538,0.047097145036292344,0.0,0.09016696346674323,0.0,0.0,0.0,0.0
539,0.06327003400968353,0.0,0.0,0.0,0.0,0.0,0.0
540,0.07688557925354776,0.0,0.09016696346674323,0.0,0.0,0.0,0.0
541,0.08002525368652985,0.0,0.0,0.0,0.0,0.0,0.0
542,0.07228390708870601,0.0,0.0,0.0,0.0,0.0,0.0
543,0.058796000530705224,0.0,0.0,0.0,0.0,0.0,0.0
544,0.04568430522321296,0.03959037912324479,0.0,0.0,0.0,0.0,0.0
545,0.03513331490339376,0.0,0.0,0.0,0.0,0.0,0.0
546,0.02754683003283711,0.03959037912324479,0.0,0.0,0.0,0.0,0.0
547,0.022178721019778188,0.0,0.0,0.0,0.0,0.0,0.0
548,0.017457438451297096,0.0,0.0,0.0,0.0,0.0,0.0
549,0.012314507515120395,0.0,0.0,0.0,0.0,0.0,0.0
550,0.007385081953629814,0.0,0.0,0.0,0.0,0.0,0.0
551,0.003842633396972559,0.0,0.0,0.0,0.0,0.0,0.0
552,0.001540336404243526,0.03959037912324479,0.0,0.0,0.0,0.0,0.0
553,0.0004070868317844972,0.0,0.09016696346674323,0.0,0.0,0.0,0.0
554,0.0002716699790261356,0.0,0.0,0.0,0.0,0.0,0.0
555,0.0008604392372578466,0.0,0.0,0.0,0.0,0.0,0.0
556,0.001906010417513284,0.0,0.0,0.0,0.0,0.0,0.0
557,0.0033447274802799317,0.0,0.09016696346674323,0.0,0.0,0.0,0.0
558,0.004931289977423527,0.0,0.0,0.0,0.0,0.0,0.0
559,0.0064412483747550335,0.0,0.0,0.0,0.0,0.0,0.0
560,0.008051002735756159,0.0,0.0,0.0,0.0,0.0,0.0
561,0.010148962590275342,0.0,0.0,0.0,0.0,0.0,0.0
562,0.012712486018015381,0.0,0.0,0.0,0.0,0.0,0.0
563,0.014558009897324097,0.0,0.0,0.0,0.0,0.0,0.0
564,0.014419875452780076,0.0,0.0,0.0,0.0,0.0,0.0
565,0.012499303678437403,0.0,0.0,0.0,0.0,0.0,0.0
566,0.010988911335435236,0.0,0.0,0.0,0.0,0.0,0.0
567,0.011583373462296591,0.0,0.09016696346674323,0.0,0.0,0.0,0.0
568,0.015680063834074595,0.0,0.09016696346674323,0.0,0.0,0.0,0.0
569,0.024118787705964116,0.0,0.0,0.0,0.0,0.0,0.0
570,0.03554589650362819,0.0,0.0,0.0,0.0,0.0,0.0
571,0.04864298321744905,0.0,0.09016696346674323,0.0,0.0,0.0,0.1270001270001905
572,0.060349142882121024,0.0,0.0,0.0,0.0,0.0,0.1270001270001905
573,0.06729875925399798,0.0,0.0,0.15249857033260467,0.0,0.0,0.0
574,0.06726061376120639,0.0,0.0,0.15249857033260467,0.0,0.0,0.0
575,0.06090423896951749,0.0,0.0,0.0,0.0,0.0,0.0
576,0.05024129881672538,0.0,0.0,0.0,0.0,0.0,0.0
577,0.038424205481883945,0.0,0.0,0.0,0.0,0.0,0.0
578,0.027005381320206637,0.0,0.0,0.0,0.0,0.0,0.0
579,0.017726272862209586,0.0,0.0,0.0,0.0,0.0,0.0
580,0.011584787950908707,0.0,0.0,0.0,0.0,0.0,0.1270001270001905
581,0.008398239583373964,0.03959037912324479,0.0,0.0,0.0,0.0,0.1270001270001905
582,0.008075190709180204,0.0,0.0,0.0,0.0,0.0,0.0
583,0.010573872874126563,0.0,0.0,0.0,0.0,0.0,0.0
584,0.014589027127177231,0.0,0.0,0.0,0.0,0.0,0.0
585,0.018127205954388728,0.0,0.09016696346674323,0.0,0.0,0.0,0.0
586,0.020237014842644455,0.0,0.0,0.0,0.0,0.0,0.0
587,0.0208096440283617,0.0,0.0,0.0,0.0,0.0,0.0
588,0.020017910873245996,0.0,0.09016696346674323,0.0,0.0,0.0,0.1270001270001905
589,0.018097546495915377,0.03959037912324479,0.0,0.0,0.0,0.0,0.1270001270001905
590,0.015656108579083887,0.0,0.0,0.0,0.0,0.0,0.0
591,0.013574274070603114,0.0,0.0,0.0,0.0,0.0,0.0
592,0.01349266269277298,0.0,0.0,0.0,0.0,0.0,0.0
593,0.015746586417716313,0.0,0.0,0.0,0.0,0.0,0.0
594,0.02097495170492361,0.0,0.0,0.0,0.0,0.0,0.0
595,0.0273165266587341,0.0,0.0,0.0,0.0,0.0,0.0
596,0.031971571954024,0.0,0.0,0.0,0.0,0.0,0.0
597,0.032577635277765644,0.0,0.0,0.0,0.0,0.0,0.0
598,0.029475682115652213,0.0,0.0,0.0,0.0,0.0,0.0
599,0.0247016649101047,0.0,0.0,0.0,0.0,0.0,0.0
600,0.021227436011193805,0.0,0.0,0.0,0.0,0.0,0.0
601,0.020830394077805875,0.0,0.0,0.0,0.0,0.0,0.0
602,0.022662743773156458,0.0,0.0,0.0,0.0,0.0,0.0
603,0.024506257607518372,0.03959037912324479,0.0,0.0,0.0,0.0,0.0
604,0.023856078097636634,0.0,0.0,0.0,0.0,0.0,0.0
605,0.02139492614888717,0.0,0.0,0.0,0.0,0.0,0.0
606,0.018661167261430748,0.03959037912324479,0.0,0.0,0.0,0.0,0.0
607,0.016762168793200534,0.0,0.0,0.0,0.0,0.0,0.0
608,0.01532024399869247,0.0,0.0,0.0,0.0,0.0,0.1270001270001905
609,0.014040329161046418,0.0,0.0,0.0,0.0,0.0,0.1270001270001905
610,0.013356471304863511,0.0,0.0,0.0,0.0,0.0,0.0
611,0.01510948237545162,0.0,0.0,0.0,0.0,0.0,0.0
612,0.02062754803276462,0.0,0.0,0.0,0.07001400420140048,0.0,0.0
613,0.029186445084914543,0.0,0.0,0.0,0.0,0.0,0.0
614,0.03842178472529867,0.0,0.0,0.0,0.0,0.0,0.0
615,0.04567719249438611,0.0,0.0,0.15249857033260467,0.07001400420140048,0.0,0.0
616,0.04959413540393262,0.03959037912324479,0.0,0.0,0.0,0.0,0.0
617,0.05039043088454191,0.0,0.0,0.0,0.0,0.0,0.0
618,0.04974743491965627,0.0,0.0,0.0,0.0,0.0,0.0
619,0.04900321033455083,0.03959037912324479,0.0,0.0,0.0,0.0,0.0
620,0.04729503943135524,0.03959037912324479,0.0,0.0,0.0,0.0,0.0
621,0.04269183284481302,0.0,0.0,0.0,0.0,0.0,0.0
622,0.03604880251766848,0.0,0.0,0.0,0.0,0.0,0.0
623,0.028693113626628367,0.0,0.0,0.0,0.0,0.0,0.0
624,0.02201306757646568,0.03959037912324479,0.0,0.0,0.0,0.0,0.0
625,0.01645086989122984,0.03959037912324479,0.0,0.0,0.0,0.0,0.0
626,0.01265852996107095,0.03959037912324479,0.0,0.0,0.0,0.0,0.0
627,0.011387676716209369,0.0,0.0,0.0,0.0,0.0,0.0
628,0.011278819895902245,0.0,0.0,0.0,0.0,0.0,0.0
629,0.01086029690487488,0.0,0.0,0.0,0.0,0.0,0.0
630,0.00962983305001423,0.0,0.0,0.0,0.0,0.0,0.0
631,0.008119016829263713,0.0,0.0,0.0,0.0,0.0,0.0
632,0.006924272106546902,0.0,0.0,0.0,0.0,0.0,0.0
633,0.0059725183229675325,0.0,0.0,0.0,0.0,0.0,0.0
634,0.004616802699290142,0.0,0.0,0.0,0.0,0.0,0.0
635,0.0031961119474067544,0.07918075824648958,0.0,0.0,0.0,0.0,0.0
636,0.0019791077627383043,0.0,0.0,0.0,0.0,0.0,0.0
637,0.0015369280270856101,0.0,0.0,0.0,0.0,0.0,0.0
638,0.001921392009683757,0.0,0.0,0.0,0.0,0.0,0.0
639,0.0030920525663546976,0.0,0.0,0.0,0.0,0.0,0.0
640,0.004400006933065552,0.07918075824648958,0.0,0.0,0.0,0.0,0.0
641,0.0049275030191043455,0.0,0.0,0.0,0.0,0.0,0.0
642,0.004341292893345916,0.0,0.0,0.0,0.0,0.0,0.0
643,0.0030089611607644153,0.0,0.0,0.0,0.0,0.0,0.0
644,0.001640518450623022,0.0,0.0,0.0,0.0,0.0,0.0
645,0.0007033892738048559,0.0,0.0,0.0,0.0,0.0,0.0
646,0.0001590366857529466,0.0,0.0,0.0,0.0,0.0,0.0
647,7.719378659332208e-05,0.0,0.0,0.0,0.0,0.0,0.0
648,0.0008533002965853072,0.0,0.0,0.0,0.0,0.0,0.0
649,0.002320063110363029,0.0,0.0,0.0,0.0,0.0,0.0
650,0.004766447488042228,0.0,0.0,0.0,0.0,0.0,0.0
651,0.008003316665902553,0.0,0.0,0.0,0.0,0.0,0.0
652,0.010716898243850016,0.0,0.0,0.0,0.0,0.0,0.0
653,0.011843438595123743,0.0,0.0,0.0,0.0,0.0,0.0
654,0.011195784751399521,0.0,0.0,0.0,0.0,0.0,0.0
655,0.009355912769639593,0.0,0.0,0.0,0.0,0.0,0.0
656,0.0070045295556210785,0.07918075824648958,0.0,0.0,0.0,0.0,0.0
657,0.004571338763573673,0.0,0.0,0.0,0.0,0.0,0.0
658,0.0024057276645873707,0.0,0.0,0.0,0.0,0.0,0.0
659,0.0011449410053175932,0.0,0.0,0.0,0.0,0.0,0.0
660,0.0004179375732160916,0.0,0.0,0.0,0.0,0.0,0.0
661,3.5989425396235074e-05,0.0,0.0,0.0,0.0,0.0,0.0
662,0.0,0.0,0.0,0.0,0.0,0.0,0.0
663,2.3745813973589506e-05,0.0,0.0,0.0,0.0,0.0,0.0
664,0.00037031149778156696,0.0,0.0,0.0,0.0,0.0,0.0
665,0.0010626405882508676,0.03959037912324479,0.0,0.0,0.0,0.0,0.0
666,0.0022231380232860956,0.0,0.0,0.0,0.0,0.0,0.0
667,0.003658325083514611,0.0,0.0,0.0,0.0,0.0,0.0
668,0.004735714772972895,0.03959037912324479,0.0,0.0,0.0,0.0,0.0
669,0.0048228442931389955,0.0,0.0,0.0,0.0,0.0,0.0
670,0.003864001871552859,0.0,0.0,0.0,0.0,0.0,0.0
671,0.00243536750865928,0.0,0.0,0.0,0.0,0.0,0.0
672,0.0012073602978649484,0.0,0.0,0.0,0.0,0.0,0.0
673,0.0004705181647181199,0.0,0.0,0.0,0.0,0.0,0.0
674,0.000819162854722369,0.0,0.0,0.0,0.0,0.0,0.0
675,0.0035090615653408986,0.0,0.0,0.0,0.0,0.0,0.0
676,0.008568629148804663,0.0,0.09016696346674323,0.0,0.0,0.0,0.0
677,0.01611334362197833,0.0,0.0,0.0,0.0,0.0,0.0
678,0.0240503937198369,0.03959037912324479,0.09016696346674323,0.0,0.0,0.0,0.0
679,0.02855210494535683,0.03959037912324479,0.0,0.0,0.0,0.0,0.0
680,0.027000875785564465,0.0,0.0,0.0,0.0,0.0,0.0
681,0.020370749891355774,0.03959037912324479,0.0,0.0,0.0,0.0,0.0
682,0.012279231504783682,0.0,0.0,0.0,0.0,0.0,0.0
683,0.005909264721885417,0.0,0.0,0.0,0.0,0.0,0.0
684,0.0019721970731067734,0.0,0.0,0.0,0.0,0.0,0.0
685,0.0003032176857684665,0.0,0.0,0.0,0.0,0.0,0.0
686,7.712187942035519e-06,0.0,0.0,0.0,0.0,0.0,0.0
687,0.0,0.0,0.0,0.0,0.0,0.0,0.0
688,0.0,0.0,0.0,0.0,0.0,0.0,0.0
689,0.0,0.03959037912324479,0.0,0.0,0.0,0.0,0.0
690,0.0,0.0,0.0,0.0,0.0,0.0,0.0
691,0.0,0.0,0.0,0.0,0.0,0.0,0.0
692,0.0,0.0,0.0,0.0,0.0,0.0,0.0
693,0.0,0.0,0.0,0.0,0.0,0.0,0.0
694,0.0,0.03959037912324479,0.0,0.0,0.0,0.0,0.0
695,4.684022461870657e-08,0.0,0.0,0.0,0.0,0.0,0.0
696,0.0002310278770679943,0.0,0.0,0.0,0.0,0.0,0.0
697,0.0012063478770692148,0.0,0.0,0.0,0.0,0.0,0.0
698,0.002932824272686164,0.0,0.0,0.0,0.0,0.0,0.0
699,0.005552947577120482,0.0,0.0,0.0,0.0,0.0,0.0
700,0.008368940694743105,0.07918075824648958,0.0,0.0,0.0,0.0,0.0
701,0.010842757583703209,0.0,0.0,0.0,0.0,0.0,0.0
702,0.012203371619460146,0.0,0.0,0.0,0.0,0.0,0.0
703,0.013210840316510547,0.0,0.0,0.0,0.0,0.0,0.0
704,0.014692939839476985,0.0,0.0,0.0,0.0,0.0,0.0
705,0.01655693307376137,0.0,0.0,0.0,0.0,0.0,0.0
706,0.01909811029424529,0.0,0.0,0.0,0.0,0.0,0.0
707,0.023565655395429826,0.0,0.0,0.0,0.0,0.0,0.0
708,0.0340438658041885,0.0,0.0,0.0,0.0,0.0,0.0
709,0.051509444258007485,0.0,0.0,0.0,0.0,0.0,0.0
710,0.07202963823696715,0.07918075824648958,0.0,0.0,0.07001400420140048,0.0,0.0
711,0.08851550800905511,0.0,0.0,0.0,0.0,0.0,0.0
712,0.09434513531507518,0.0,0.0,0.15249857033260467,0.07001400420140048,0.0,0.0
713,0.08681567806620584,0.0,0.0,0.15249857033260467,0.0,0.0,0.0
714,0.06911406717868707,0.0,0.0,0.15249857033260467,0.14002800840280097,0.0,0.0
715,0.047420050922422075,0.0,0.0,0.30499714066520933,0.0,0.0,0.0
716,0.028096125198394533,0.0,0.0,0.0,0.14002800840280097,0.0,0.0
717,0.014912727196964654,0.0,0.0,0.30499714066520933,0.14002800840280097,0.0,0.0
718,0.00754550387816188,0.0,0.0,0.30499714066520933,0.14002800840280097,0.0,0.0
719,0.005563001336161718,0.0,0.0,0.15249857033260467,0.0,0.0,0.0
720,0.006540514264199419,0.0,0.0,0.0,0.07001400420140048,0.0,0.0
721,0.00851983476058721,0.0,0.0,0.0,0.0,0.0,0.0
722,0.011265318495256218,0.0,0.0,0.0,0.14002800840280097,0.0,0.0
723,0.013860110594962054,0.0,0.0,0.15249857033260467,0.0,0.0,0.0
724,0.015987393574071706,0.03959037912324479,0.0,0.0,0.0,0.0,0.0
725,0.017084672696596657,0.0,0.0,0.15249857033260467,0.0,0.0,0.0
726,0.016812608058630284,0.0,0.0,0.0,0.0,0.0,0.0
727,0.015536359060226872,0.0,0.0,0.0,0.0,0.0,0.0
728,0.014391707532887507,0.0,0.0,0.0,0.0,0.0,0.0
729,0.014039224176094895,0.0,0.0,0.0,0.0,0.0,0.0
730,0.014421558991407457,0.0,0.0,0.0,0.0,0.0,0.0
731,0.014167725007915443,0.03959037912324479,0.0,0.0,0.0,0.0,0.0
732,0.012139908422970068,0.03959037912324479,0.0,0.0,0.0,0.0,0.0
733,0.008967682834058128,0.0,0.0,0.0,0.0,0.0,0.0
734,0.005627369408264389,0.0,0.0,0.0,0.0,0.0,0.0
735,0.003691221842302564,0.0,0.0,0.0,0.0,0.0,0.0
736,0.0035855213050877193,0.0,0.0,0.0,0.0,0.0,0.0
737,0.0054143103319340925,0.0,0.0,0.0,0.0,0.0,0.0
738,0.008276858269986006,0.03959037912324479,0.0,0.0,0.0,0.0,0.0
739,0.010970483332159683,0.0,0.0,0.0,0.0,0.0,0.0
740,0.012988893763655815,0.0,0.0,0.0,0.0,0.0,0.0
741,0.014598454076838763,0.0,0.0,0.0,0.0,0.0,0.0
742,0.016641966244539855,0.03959037912324479,0.0,0.0,0.0,0.0,0.0
743,0.01900402317454165,0.0,0.0,0.0,0.0,0.0,0.0
744,0.019963610810750116,0.0,0.0,0.0,0.0,0.0,0.0
745,0.018516591880157494,0.03959037912324479,0.0,0.0,0.0,0.0,0.0
746,0.015694987403711985,0.0,0.0,0.0,0.0,0.0,0.0
747,0.012904241966354146,0.0,0.0,0.0,0.0,0.0,0.0
748,0.011131119831427089,0.0,0.0,0.0,0.0,0.0,0.0
749,0.010782785591409993,0.0,0.0,0.0,0.0,0.0,0.0
750,0.011068470432700582,0.03959037912324479,0.0,0.0,0.0,0.0,0.0
751,0.011137162626728364,0.0,0.0,0.0,0.0,0.0,0.0
752,0.010765430528102632,0.0,0.0,0.0,0.0,0.0,0.0
753,0.010505205224780186,0.0,0.0,0.0,0.0,0.0,0.0
754,0.013537488496200338,0.0,0.0,0.0,0.0,0.0,0.0
755,0.020240073826017894,0.03959037912324479,0.0,0.0,0.0,0.0,0.0
756,0.030028192658702102,0.0,0.0,0.0,0.0,0.0,0.0
757,0.04078071631307297,0.0,0.0,0.0,0.0,0.0,0.1270001270001905
758,0.04921543259803237,0.0,0.0,0.0,0.0,0.0,0.1270001270001905
759,0.052962086568128314,0.0,0.0,0.0,0.0,0.0,0.0
760,0.051199432662915496,0.0,0.0,0.0,0.07001400420140048,0.0,0.0
761,0.04455585943294606,0.0,0.0,0.0,0.0,0.0,0.0
762,0.03488709470443765,0.0,0.0,0.0,0.0,0.0,0.0
763,0.025366198897291838,0.0,0.0,0.0,0.0,0.0,0.0
764,0.0180356172517879,0.0,0.0,0.0,0.0,0.0,0.0
765,0.0140544426664429,0.0,0.0,0.0,0.0,0.0,0.0
766,0.011109779113536732,0.0,0.0,0.0,0.0,0.0,0.0
767,0.008207421297110608,0.0,0.0,0.0,0.0,0.0,0.0
768,0.005295710622168689,0.0,0.0,0.0,0.0,0.0,0.0
769,0.0027773142656317084,0.0,0.0,0.0,0.0,0.0,0.0
770,0.001336578803040222,0.0,0.0,0.0,0.0,0.0,0.0
771,0.0010306457272590242,0.0,0.0,0.0,0.0,0.0,0.0
772,0.001994537031580975,0.0,0.0,0.0,0.0,0.0,0.0
773,0.004157013275895215,0.03959037912324479,0.0,0.0,0.0,0.0,0.0
774,0.007128059898212045,0.0,0.0,0.0,0.0,0.0,0.0
775,0.010485313218759649,0.03959037912324479,0.0,0.0,0.0,0.0,0.0
776,0.013474055740572234,0.0,0.0,0.0,0.0,0.0,0.0
777,0.01555646280504065,0.0,0.0,0.0,0.0,0.0,0.0
778,0.016039032992610235,0.0,0.0,0.30499714066520933,0.0,0.0,0.0
779,0.014887795013958477,0.0,0.0,0.0,0.14002800840280097,0.0,0.0
780,0.01349099495712592,0.0,0.0,0.15249857033260467,0.21004201260420147,0.0,0.0
781,0.01305511651600161,0.0,0.0,0.0,0.0,0.0,0.0
782,0.014049768662440083,0.0,0.0,0.0,0.14002800840280097,0.0,0.0
783,0.016654414761509778,0.0,0.0,0.0,0.14002800840280097,0.0,0.0
784,0.019661760621192254,0.0,0.0,0.0,0.14002800840280097,0.0,0.0
785,0.02167975289524567,0.0,0.0,0.0,0.0,0.0,0.0
786,0.022262828936001212,0.0,0.0,0.0,0.0,0.0,0.0
787,0.02119344151422918,0.0,0.0,0.0,0.0,0.0,0.0
788,0.01881586234841703,0.0,0.0,0.0,0.0,0.0,0.0
789,0.015079657492078059,0.0,0.0,0.0,0.0,0.0,0.0
790,0.011307476711532278,0.0,0.0,0.0,0.0,0.0,0.0
791,0.009246144477696616,0.0,0.0,0.0,0.0,0.0,0.0
792,0.008607367129755577,0.0,0.0,0.0,0.0,0.0,0.0
793,0.008411874439627891,0.0,0.0,0.0,0.0,0.0,0.0
794,0.008125360738439152,0.0,0.0,0.0,0.0,0.0,0.0
795,0.007249630180871699,0.0,0.0,0.0,0.0,0.0,0.0
796,0.008384179205925029,0.0,0.0,0.0,0.0,0.0,0.0
797,0.014830320665008818,0.0,0.0,0.0,0.0,0.0,0.0
798,0.028176675695441473,0.0,0.0,0.0,0.0,0.0,0.0
799,0.04819260258412935,0.0,0.0,0.0,0.21004201260420147,0.0,0.0
800,0.06798983962343845,0.03959037912324479,0.0,0.0,0.0,0.0,0.0
801,0.07783553332087274,0.0,0.0,0.0,0.0,0.0,0.0
802,0.07267442973175746,0.0,0.0,0.0,0.0,0.0,0.0
803,0.0567389652502413,0.0,0.0,0.0,0.0,0.0,0.0
804,0.039421775499085994,0.0,0.0,0.0,0.0,0.0,0.0
805,0.026522554323307777,0.0,0.0,0.0,0.0,0.0,0.0
806,0.01775987138529277,0.0,0.0,0.0,0.0,0.0,0.0
807,0.012387504973441642,0.0,0.0,0.0,0.0,0.0,0.0
808,0.009514928216453474,0.0,0.0,0.0,0.0,0.0,0.0
809,0.008668809755441405,0.0,0.0,0.0,0.0,0.0,0.1270001270001905
810,0.010090056991653764,0.0,0.0,0.0,0.0,0.0,0.1270001270001905
811,0.013098482966298846,0.0,0.0,0.0,0.0,0.0,0.0
812,0.016066112611156723,0.0,0.0,0.0,0.0,0.0,0.0
813,0.01711460246283734,0.0,0.0,0.0,0.0,0.0,0.0
814,0.015484389884962596,0.0,0.0,0.0,0.0,0.0,0.0
815,0.012157420826581899,0.0,0.0,0.0,0.07001400420140048,0.0,0.0
816,0.00918020630618476,0.0,0.0,0.0,0.0,0.0,0.0
817,0.008366233375963159,0.0,0.0,0.0,0.0,0.0,0.0
818,0.009545684678473144,0.0,0.0,0.0,0.0,0.0,0.0
819,0.01148401403989307,0.0,0.0,0.0,0.0,0.0,0.0
820,0.013032071088029791,0.03959037912324479,0.0,0.0,0.0,0.3779644730092272,0.0
821,0.013448177494012972,0.03959037912324479,0.0,0.0,0.0,0.0,0.0
822,0.012912330095804107,0.0,0.0,0.0,0.0,0.0,0.0
823,0.012766914336557278,0.03959037912324479,0.0,0.0,0.0,0.0,0.0
824,0.013192619462933267,0.03959037912324479,0.0,0.0,0.14002800840280097,0.0,0.0
825,0.013964599689758203,0.0,0.0,0.0,0.0,0.0,0.0
826,0.014107098707338945,0.0,0.0,0.0,0.0,0.0,0.0
827,0.013461928642820097,0.03959037912324479,0.09016696346674323,0.0,0.0,0.0,0.0
828,0.012232508523941954,0.0,0.0,0.0,0.0,0.0,0.0
829,0.010340551144366694,0.03959037912324479,0.0,0.0,0.0,0.0,0.0
830,0.008040771396362903,0.0,0.0,0.0,0.0,0.0,0.0
831,0.006098796840212012,0.0,0.0,0.0,0.0,0.0,0.0
832,0.005481702066210732,0.0,0.0,0.0,0.0,0.0,0.0
833,0.006027608511429737,0.07918075824648958,0.0,0.0,0.0,0.0,0.0
834,0.007310104420810782,0.0,0.0,0.0,0.0,0.0,0.0
835,0.00822904032227008,0.03959037912324479,0.0,0.0,0.0,0.0,0.0
836,0.008188052572577254,0.0,0.0,0.0,0.0,0.0,0.0
837,0.00692402310301949,0.0,0.0,0.0,0.0,0.0,0.0
838,0.00491685034860144,0.0,0.0,0.0,0.0,0.0,0.0
839,0.0028459997150095413,0.0,0.0,0.0,0.0,0.0,0.0
840,0.0013659840242280417,0.0,0.0,0.0,0.0,0.0,0.0
841,0.0010305017010234854,0.07918075824648958,0.09016696346674323,0.0,0.0,0.0,0.0
842,0.0014851358303568075,0.0,0.0,0.0,0.0,0.0,0.0
843,0.003434483014498744,0.03959037912324479,0.0,0.0,0.0,0.0,0.0
844,0.006572904575784056,0.0,0.0,0.0,0.0,0.0,0.0
845,0.010636369993941373,0.03959037912324479,0.0,0.0,0.0,0.0,0.0
846,0.015141907235694944,0.0,0.0,0.0,0.0,0.0,0.0
847,0.01907841749804799,0.0,0.0,0.0,0.0,0.0,0.0
848,0.021297911861222606,0.0,0.0,0.0,0.0,0.0,0.0
849,0.021273118481387823,0.0,0.0,0.0,0.0,0.0,0.0
850,0.020240463810051425,0.0,0.0,0.0,0.0,0.0,0.0
851,0.020304548790209303,0.0,0.0,0.0,0.0,0.0,0.0
852,0.0248409762691872,0.0,0.0,0.0,0.0,0.0,0.0
853,0.0349162721394857,0.0,0.0,0.0,0.0,0.0,0.0
854,0.04890909864428623,0.0,0.0,0.0,0.0,0.0,0.0
855,0.06099141669394,0.07918075824648958,0.0,0.0,0.0,0.0,0.0
856,0.0657696040025381,0.0,0.0,0.0,0.0,0.0,0.0
857,0.06175823912059933,0.0,0.0,0.0,0.0,0.0,0.0
858,0.05208355866190824,0.0,0.0,0.0,0.0,0.0,0.0
859,0.042926998315736126,0.0,0.0,0.0,0.0,0.0,0.0
860,0.037024624259018285,0.03959037912324479,0.0,0.0,0.0,0.0,0.0
861,0.03335103203290231,0.0,0.0,0.0,0.0,0.0,0.0
862,0.029238169958452638,0.0,0.0,0.0,0.0,0.0,0.0
863,0.024105885920926027,0.03959037912324479,0.0,0.0,0.0,0.0,0.0
864,0.01843645137007401,0.03959037912324479,0.0,0.0,0.0,0.0,0.0
865,0.013200734998334617,0.0,0.0,0.0,0.0,0.0,0.0
866,0.009101641055710936,0.0,0.0,0.0,0.0,0.0,0.0
867,0.006993617336851711,0.0,0.0,0.0,0.0,0.0,0.0
868,0.006134151338031192,0.0,0.0,0.0,0.0,0.0,0.0
869,0.005035333846261898,0.03959037912324479,0.0,0.0,0.0,0.0,0.0
870,0.0036760777820726617,0.0,0.0,0.0,0.0,0.0,0.0
871,0.002285122530930482,0.0,0.0,0.0,0.0,0.0,0.0
872,0.001839431338732295,0.0,0.0,0.0,0.0,0.0,0.0
873,0.0033328790915968993,0.0,0.0,0.0,0.0,0.0,0.0
874,0.006760542972417917,0.0,0.09016696346674323,0.0,0.0,0.0,0.0
875,0.012323702331361625,0.0,0.0,0.0,0.0,0.0,0.0
876,0.018034161407444464,0.0,0.0,0.0,0.07001400420140048,0.0,0.0
877,0.021297801250545634,0.0,0.09016696346674323,0.0,0.0,0.0,0.0
878,0.020689324016344445,0.0,0.0,0.0,0.0,0.0,0.0
879,0.01688063031175296,0.0,0.0,0.0,0.0,0.0,0.0
880,0.01183278646117938,0.0,0.0,0.0,0.0,0.0,0.0
881,0.007201771890582529,0.0,0.0,0.0,0.0,0.0,0.0
882,0.003664764021455778,0.0,0.0,0.0,0.0,0.0,0.0
883,0.001992646315618388,0.0,0.0,0.0,0.0,0.0,0.0
884,0.0019112441065380816,0.0,0.0,0.0,0.0,0.0,0.0
885,0.0032741856613813813,0.0,0.0,0.0,0.0,0.0,0.0
886,0.006817524977729172,0.0,0.0,0.0,0.0,0.0,0.0
887,0.011848384466717779,0.0,0.0,0.0,0.0,0.0,0.0
888,0.018122907988670837,0.0,0.0,0.0,0.0,0.0,0.0
889,0.024718160655108474,0.0,0.0,0.0,0.0,0.0,0.0
890,0.029531044573669514,0.0,0.0,0.0,0.0,0.0,0.0
891,0.031511313403922166,0.03959037912324479,0.0,0.0,0.0,0.0,0.0
892,0.031401243174521476,0.0,0.0,0.0,0.0,0.0,0.0
893,0.03089808336860993,0.0,0.0,0.0,0.0,0.0,0.0
894,0.03133147290578446,0.03959037912324479,0.09016696346674323,0.0,0.0,0.0,0.0
895,0.03130387883374859,0.03959037912324479,0.0,0.0,0.0,0.0,0.0
896,0.030650767372087703,0.0,0.0,0.0,0.0,0.0,0.0
897,0.029275573711668154,0.0,0.0,0.0,0.14002800840280097,0.0,0.0
898,0.02687772555221945,0.0,0.0,0.0,0.0,0.0,0.0
899,0.02411445647388766,0.0,0.0,0.0,0.0,0.0,0.0
900,0.022502956241078325,0.0,0.0,0.0,0.0,0.0,0.0
901,0.022397367383387427,0.07918075824648958,0.0,0.0,0.0,0.0,0.0
902,0.022976775364672197,0.0,0.0,0.0,0.0,0.0,0.0
903,0.02240134544424203,0.0,0.0,0.0,0.0,0.0,0.0
904,0.02035083341571248,0.0,0.0,0.0,0.0,0.0,0.0
905,0.017273727973232397,0.0,0.0,0.0,0.0,0.0,0.0
906,0.013320894485004574,0.03959037912324479,0.0,0.0,0.0,0.0,0.0
907,0.009493718438330499,0.0,0.0,0.0,0.0,0.0,0.0
908,0.008412880413127051,0.0,0.0,0.0,0.0,0.0,0.0
909,0.01258085589600358,0.0,0.0,0.0,0.0,0.0,0.0
910,0.023477685345874338,0.0,0.0,0.0,0.0,0.0,0.0
911,0.03974790236415714,0.11877113736973437,0.0,0.0,0.14002800840280097,0.0,0.0
912,0.056483222825095394,0.0,0.09016696346674323,0.0,0.0,0.0,0.0
913,0.06576828053968463,0.0,0.0,0.0,0.0,0.0,0.0
914,0.06321566676013267,0.0,0.0,0.0,0.0,0.0,0.0
915,0.05080347746451585,0.0,0.0,0.0,0.0,0.0,0.0
916,0.03517373825281268,0.0,0.0,0.0,0.0,0.0,0.0
917,0.021947153624963862,0.0,0.0,0.0,0.0,0.0,0.0
918,0.012931248316620613,0.0,0.0,0.0,0.0,0.0,0.0
919,0.007718556346489463,0.0,0.0,0.0,0.0,0.0,0.0
920,0.00468712479079307,0.0,0.0,0.0,0.0,0.0,0.0
921,0.0026323050250033377,0.0,0.0,0.0,0.0,0.0,0.0
922,0.0011868291185959897,0.0,0.0,0.0,0.0,0.0,0.0
923,0.00045723311650017694,0.0,0.0,0.0,0.0,0.0,0.0
924,0.00037861811451053707,0.0,0.0,0.0,0.0,0.0,0.0
925,0.0012265407934640641,0.0,0.0,0.0,0.0,0.0,0.0
926,0.0036661087724431203,0.0,0.0,0.0,0.0,0.0,0.0
927,0.008229690220916856,0.0,0.0,0.0,0.0,0.0,0.0
928,0.014521537030672866,0.0,0.0,0.0,0.0,0.0,0.0
929,0.02131295250881049,0.0,0.0,0.0,0.0,0.0,0.0
930,0.026008689162048983,0.0,0.0,0.0,0.0,0.0,0.0
931,0.026193748503951196,0.0,0.0,0.0,0.0,0.0,0.0
932,0.021591969724259,0.0,0.0,0.0,0.0,0.0,0.0
933,0.014466899076348676,0.0,0.0,0.0,0.0,0.0,0.0
934,0.008075353519637321,0.0,0.0,0.0,0.0,0.0,0.0
935,0.004292460042192111,0.0,0.0,0.0,0.0,0.0,0.0
936,0.0030401102852918673,0.0,0.0,0.0,0.0,0.0,0.0
937,0.003678207284260254,0.0,0.0,0.0,0.0,0.0,0.0
938,0.0049127906651709454,0.0,0.0,0.0,0.0,0.0,0.0
939,0.005627292300895415,0.0,0.0,0.0,0.0,0.0,0.0
940,0.006037187717690908,0.0,0.0,0.0,0.0,0.0,0.0
941,0.006713885262413869,0.0,0.0,0.15249857033260467,0.0,0.0,0.0
942,0.007957524328440022,0.03959037912324479,0.0,0.15249857033260467,0.0,0.0,0.0
943,0.009127029792045074,0.0,0.0,0.0,0.0,0.0,0.0
944,0.009133189409652472,0.0,0.0,0.0,0.0,0.0,0.0
945,0.007764181553166786,0.0,0.0,0.0,0.0,0.0,0.0
946,0.005400553566449628,0.0,0.0,0.0,0.0,0.0,0.0
947,0.003044200996636371,0.0,0.0,0.0,0.0,0.0,0.0
948,0.0013030760548345683,0.0,0.0,0.0,0.0,0.0,0.0
949,0.00042349008721458386,0.0,0.0,0.0,0.0,0.0,0.0
950,3.757382164856592e-05,0.0,0.0,0.0,0.0,0.0,0.0
951,1.7351239360362874e-05,0.0,0.0,0.0,0.0,0.0,0.0
952,0.00034063417882368766,0.0,0.0,0.0,0.0,0.0,0.0
953,0.0010115119050409659,0.0,0.0,0.0,0.0,0.0,0.0
954,0.0021454657616460327,0.0,0.0,0.0,0.0,0.0,0.0
955,0.0037637046468487257,0.0,0.0,0.0,0.0,0.0,0.0
956,0.005443325710448321,0.03959037912324479,0.0,0.0,0.0,0.0,0.0
957,0.006564319512558391,0.0,0.0,0.0,0.0,0.0,0.0
958,0.0070381294080150755,0.0,0.0,0.0,0.0,0.0,0.0
959,0.006922624020588566,0.0,0.0,0.0,0.0,0.0,0.0
960,0.006192046895615807,0.0,0.0,0.0,0.0,0.0,0.0
961,0.004821924532894486,0.0,0.0,0.0,0.0,0.0,0.0
962,0.00305819856539246,0.0,0.0,0.0,0.0,0.0,0.0
963,0.0016333746740014893,0.0,0.0,0.0,0.0,0.0,0.0
964,0.0007268617342994758,0.0,0.0,0.0,0.0,0.0,0.0
965,0.0005429587361333401,0.0,0.0,0.0,0.0,0.0,0.0
966,0.0010902384718492776,0.0,0.0,0.0,0.0,0.0,0.0
967,0.002264501591825004,0.0,0.0,0.0,0.0,0.0,0.0
968,0.003699657233281485,0.0,0.0,0.0,0.0,0.0,0.0
969,0.004754872721279862,0.0,0.0,0.0,0.0,0.0,0.0
970,0.00480763169511584,0.0,0.0,0.0,0.0,0.0,0.0
971,0.003824190635256415,0.0,0.0,0.0,0.0,0.0,0.0
972,0.002392984504336571,0.0,0.0,0.0,0.0,0.0,0.0
973,0.0011778327815743638,0.0,0.0,0.0,0.0,0.0,0.0
974,0.00043693392270226667,0.0,0.0,0.0,0.0,0.0,0.0
975,0.00017678046830932532,0.0,0.0,0.0,0.0,0.0,0.0
976,0.0006606994223435033,0.0,0.0,0.0,0.0,0.0,0.0
977,0.001566365789010148,0.0,0.0,0.0,0.0,0.0,0.0
978,0.002916736306384734,0.0,0.0,0.0,0.0,0.0,0.0
979,0.004272331698119985,0.0,0.0,0.0,0.0,0.0,0.0
980,0.004923074219118,0.0,0.0,0.0,0.0,0.0,0.0
981,0.0044629945651976964,0.0,0.0,0.0,0.0,0.0,0.0
982,0.0031829113764500943,0.0,0.0,0.0,0.0,0.0,0.0
983,0.001785647006009334,0.0,0.0,0.0,0.0,0.0,0.0
984,0.000787916406415975,0.0,0.0,0.0,0.0,0.0,0.0
985,0.0002094200146814594,0.0,0.0,0.0,0.0,0.0,0.0
986,9.405760195216338e-07,0.0,0.0,0.0,0.0,0.0,0.0
987,0.0,0.0,0.0,0.0,0.0,0.0,0.0
988,0.0,0.0,0.0,0.0,0.0,0.0,0.0
989,0.0,0.0,0.0,0.0,0.0,0.0,0.0
990,0.0,0.0,0.0,0.0,0.0,0.0,0.0
991,0.0,0.0,0.0,0.0,0.0,0.0,0.0
992,0.0,0.0,0.0,0.0,0.0,0.0,0.0
993,0.0,0.0,0.0,0.0,0.0,0.0,0.0
994,0.0,0.0,0.0,0.0,0.0,0.0,0.0
995,0.0,0.0,0.0,0.0,0.0,0.0,0.0
996,0.0,0.0,0.0,0.0,0.0,0.0,0.0
997,0.0,0.0,0.0,0.0,0.0,0.0,0.0
998,0.0,0.0,0.0,0.0,0.0,0.0,0.0
999,0.0,0.0,0.0,0.0,0.0,0.0,0.0
1000,1.9246351274289155e-05,0.0,0.0,0.0,0.0,0.0,0.0
1001,0.00034990750435313,0.0,0.0,0.0,0.0,0.0,0.0
1002,0.0012495325735260214,0.0,0.0,0.0,0.0,0.0,0.0
1003,0.003942011414703028,0.0,0.0,0.0,0.0,0.0,0.0
1004,0.008588842022782756,0.0,0.0,0.0,0.0,0.0,0.0
1005,0.01549254180224111,0.0,0.09016696346674323,0.0,0.0,0.0,0.0
1006,0.023022315923085054,0.0,0.09016696346674323,0.0,0.0,0.0,0.0
1007,0.028992890578773484,0.0,0.0,0.0,0.0,0.0,0.0
1008,0.030888614084792217,0.0,0.0,0.0,0.0,0.3779644730092272,0.0
1009,0.028227347716080962,0.0,0.0,0.0,0.0,0.0,0.0
1010,0.02252423992034026,0.0,0.0,0.0,0.0,0.0,0.0
1011,0.015947590626660714,0.0,0.0,0.0,0.0,0.0,0.0
1012,0.010150358849030998,0.0,0.0,0.0,0.0,0.0,0.0
1013,0.005581452712387307,0.0,0.0,0.0,0.0,0.0,0.0
1014,0.002768341006363969,0.0,0.0,0.0,0.0,0.0,0.0
1015,0.0016597564871056302,0.0,0.0,0.0,0.0,0.0,0.0
1016,0.0022294899675439545,0.0,0.0,0.0,0.0,0.0,0.0
1017,0.004386948780296468,0.0,0.0,0.0,0.0,0.0,0.0
1018,0.008181144927751575,0.0,0.0,0.0,0.0,0.0,0.0
1019,0.012444247340636365,0.0,0.0,0.0,0.0,0.0,0.0
1020,0.015992156271475013,0.0,0.0,0.0,0.0,0.0,0.0
1021,0.01769284846008008,0.0,0.0,0.0,0.0,0.0,0.0
1022,0.017442450729775787,0.0,0.0,0.0,0.0,0.0,0.0
1023,0.015775284727772152,0.0,0.0,0.0,0.0,0.0,0.0
1024,0.014151097984709322,0.0,0.0,0.0,0.0,0.0,0.0
1025,0.01359975061309964,0.0,0.0,0.0,0.0,0.0,0.0
1026,0.016754536390531143,0.0,0.0,0.0,0.0,0.0,0.0
1027,0.02522272310729159,0.0,0.0,0.0,0.0,0.0,0.0
1028,0.03704394524177774,0.0,0.0,0.0,0.0,0.0,0.0
1029,0.05042243274595384,0.0,0.0,0.0,0.0,0.0,0.0
1030,0.06108158839372202,0.0,0.0,0.0,0.0,0.0,0.0
1031,0.06553425617236362,0.0,0.0,0.0,0.0,0.0,0.0
1032,0.062384784714381344,0.0,0.0,0.0,0.0,0.0,0.0
1033,0.052979136360866756,0.0,0.0,0.0,0.0,0.0,0.0
1034,0.040590120969033736,0.0,0.0,0.0,0.0,0.0,0.0
1035,0.028470929401048537,0.0,0.0,0.0,0.0,0.0,0.0
1036,0.017816175863293406,0.0,0.0,0.0,0.0,0.0,0.0
1037,0.010350299260458837,0.0,0.0,0.0,0.0,0.0,0.0
1038,0.006811857768164301,0.07918075824648958,0.0,0.0,0.0,0.0,0.0
1039,0.005843996922220715,0.0,0.0,0.0,0.0,0.0,0.0
1040,0.007410331733543294,0.0,0.0,0.0,0.0,0.0,0.0
1041,0.009259498219220993,0.0,0.0,0.0,0.0,0.0,0.0
1042,0.009851118934559356,0.07918075824648958,0.0,0.0,0.0,0.0,0.0
1043,0.008807921895490727,0.0,0.0,0.0,0.0,0.0,0.0
1044,0.007099481043351894,0.0,0.0,0.0,0.0,0.0,0.0
1045,0.00640171584363342,0.0,0.0,0.0,0.0,0.0,0.0
1046,0.007010142912824817,0.0,0.0,0.0,0.0,0.0,0.0
1047,0.008136665784112299,0.0,0.0,0.0,0.0,0.0,0.0
1048,0.009196815786490524,0.0,0.0,0.0,0.0,0.0,0.0
1049,0.00924338712269815,0.0,0.0,0.0,0.0,0.0,0.0
1050,0.008516180149140134,0.0,0.0,0.0,0.0,0.0,0.0
1051,0.007703955167125828,0.0,0.0,0.0,0.0,0.0,0.0
1052,0.007211181788003056,0.0,0.0,0.0,0.0,0.0,0.0
1053,0.006839409136504105,0.0,0.0,0.0,0.0,0.0,0.0
1054,0.0065355928847275185,0.03959037912324479,0.0,0.0,0.0,0.0,0.0
1055,0.00633258082814494,0.0,0.0,0.0,0.0,0.0,0.0
1056,0.006019897256900171,0.0,0.0,0.0,0.0,0.0,0.0
1057,0.005132653193736562,0.07918075824648958,0.0,0.0,0.0,0.0,0.0
1058,0.003941433092858716,0.0,0.0,0.0,0.0,0.0,0.0
1059,0.003144055729999716,0.0,0.0,0.0,0.0,0.0,0.0
1060,0.0031563782887618764,0.0,0.0,0.0,0.0,0.0,0.0
1061,0.003925404433425187,0.03959037912324479,0.0,0.0,0.0,0.0,0.0
1062,0.0047195737288698485,0.07918075824648958,0.0,0.0,0.0,0.0,0.0
1063,0.004941549650249229,0.0,0.0,0.0,0.0,0.0,0.0
1064,0.004508633558234883,0.0,0.0,0.0,0.0,0.0,0.0
1065,0.003942016030584334,0.0,0.0,0.0,0.0,0.0,0.0
1066,0.004532290400570057,0.0,0.0,0.0,0.0,0.0,0.0
1067,0.006864615219440041,0.0,0.0,0.0,0.0,0.0,0.0
1068,0.011217274699631928,0.0,0.0,0.0,0.0,0.0,0.0
1069,0.017444765376224348,0.03959037912324479,0.0,0.0,0.0,0.0,0.0
1070,0.024789298382086083,0.0,0.0,0.0,0.0,0.0,0.0
1071,0.03166022545287743,0.03959037912324479,0.0,0.0,0.0,0.0,0.0
1072,0.03538044227041942,0.0,0.0,0.0,0.0,0.0,0.0
1073,0.034582923900357145,0.0,0.0,0.0,0.0,0.0,0.0
1074,0.02978785246160471,0.0,0.0,0.0,0.0,0.0,0.0
1075,0.023072498875841747,0.07918075824648958,0.0,0.0,0.0,0.0,0.0
1076,0.016147055697627845,0.0,0.0,0.0,0.0,0.0,0.0
1077,0.011366144984053262,0.0,0.0,0.0,0.0,0.0,0.0
1078,0.009708498191745608,0.03959037912324479,0.0,0.0,0.0,0.0,0.0
1079,0.01140216130674086,0.0,0.0,0.0,0.0,0.0,0.0
1080,0.015677045583182562,0.07918075824648958,0.0,0.0,0.0,0.0,0.0
1081,0.023163491608769196,0.0,0.0,0.0,0.0,0.0,0.0
1082,0.03315759121892663,0.0,0.0,0.0,0.0,0.0,0.0
1083,0.045249758323904286,0.03959037912324479,0.0,0.0,0.0,0.0,0.0
1084,0.05711487162779481,0.0,0.0,0.0,0.0,0.0,0.0
1085,0.06398746197820436,0.0,0.0,0.0,0.0,0.0,0.0
1086,0.06183608057683869,0.0,0.0,0.0,0.0,0.0,0.0
1087,0.050886796380627264,0.0,0.0,0.0,0.0,0.0,0.0
1088,0.03592139892303433,0.0,0.09016696346674323,0.0,0.0,0.0,0.0
1089,0.022072885066142894,0.0,0.0,0.0,0.0,0.0,0.0
1090,0.011812988996680554,0.0,0.0,0.0,0.0,0.0,0.0
1091,0.005571469585000225,0.11877113736973437,0.0,0.0,0.0,0.0,0.0
1092,0.003277341840664083,0.0,0.0,0.0,0.0,0.0,0.0
1093,0.0030990468773118077,0.0,0.0,0.0,0.0,0.0,0.0
1094,0.003952042109753077,0.0,0.0,0.0,0.0,0.0,0.0
1095,0.004791988266537776,0.0,0.0,0.0,0.0,0.0,0.0
1096,0.004772486198574356,0.03959037912324479,0.09016696346674323,0.0,0.0,0.0,0.0
1097,0.003739287802111147,0.0,0.0,0.0,0.0,0.0,0.0
1098,0.002304744385914865,0.0,0.0,0.0,0.0,0.0,0.0
1099,0.0011309281762373086,0.0,0.0,0.0,0.0,0.0,0.0
1100,0.0010643292703615258,0.0,0.0,0.0,0.0,0.0,0.0
1101,0.0024480391170264336,0.0,0.0,0.0,0.0,0.0,0.0
1102,0.005429557904249492,0.0,0.0,0.0,0.0,0.0,0.0
1103,0.009604250362833121,0.0,0.0,0.0,0.0,0.0,0.0
1104,0.013387707731172547,0.0,0.0,0.0,0.0,0.0,0.0
1105,0.014707709578562954,0.0,0.0,0.0,0.0,0.0,0.0
1106,0.012735206234215547,0.0,0.0,0.0,0.0,0.0,0.0
1107,0.00869137231417975,0.0,0.0,0.0,0.0,0.0,0.0
1108,0.004674820959248459,0.0,0.0,0.0,0.0,0.0,0.0
1109,0.001976447155619694,0.0,0.0,0.0,0.0,0.0,0.0
1110,0.0006868904080125951,0.0,0.0,0.0,0.0,0.0,0.0
1111,0.0008921508700571045,0.0,0.0,0.0,0.0,0.0,0.0
1112,0.002087718329832467,0.0,0.0,0.0,0.0,0.0,0.0
1113,0.0040322382494203494,0.0,0.09016696346674323,0.0,0.0,0.0,0.0
1114,0.006145455532086737,0.0,0.09016696346674323,0.0,0.07001400420140048,0.0,0.0
1115,0.007809855826588783,0.0,0.0,0.0,0.0,0.0,0.0
1116,0.008640873742220874,0.0,0.0,0.0,0.0,0.0,0.0
1117,0.010277618654762176,0.0,0.0,0.0,0.0,0.0,0.0
1118,0.015004568611560291,0.0,0.0,0.0,0.0,0.0,0.0
1119,0.023970918023555818,0.0,0.0,0.0,0.0,0.0,0.0
1120,0.038009241217817874,0.0,0.09016696346674323,0.0,0.0,0.0,0.0
1121,0.05326166022563221,0.0,0.0,0.0,0.0,0.0,0.0
1122,0.06307806692735886,0.11877113736973437,0.09016696346674323,0.0,0.07001400420140048,0.0,0.0
1123,0.06404911319042955,0.0,0.09016696346674323,0.0,0.0,0.0,0.0
1124,0.05811767762766345,0.0,0.0,0.0,0.0,0.0,0.0
1125,0.049458032396828375,0.0,0.0,0.0,0.0,0.0,0.0
1126,0.040187743254391915,0.0,0.0,0.0,0.0,0.0,0.0
1127,0.03100718773700168,0.0,0.0,0.0,0.0,0.0,0.0
1128,0.02413574971540748,0.0,0.0,0.0,0.0,0.0,0.0
1129,0.01991953181854089,0.0,0.0,0.0,0.0,0.0,0.0
1130,0.017135862144661788,0.0,0.0,0.0,0.0,0.0,0.0
1131,0.015351896035608102,0.0,0.0,0.0,0.0,0.0,0.0
1132,0.015181453337852044,0.0,0.0,0.0,0.0,0.0,0.0
1133,0.017069314843021238,0.0,0.0,0.0,0.0,0.0,0.0
1134,0.021539393027379727,0.0,0.0,0.0,0.0,0.0,0.0
1135,0.028411135356858963,0.0,0.0,0.0,0.0,0.0,0.0
1136,0.035748093700784536,0.07918075824648958,0.0,0.0,0.0,0.0,0.0
1137,0.0389182930603558,0.0,0.0,0.0,0.0,0.0,0.0
1138,0.035250580295894736,0.0,0.0,0.0,0.0,0.0,0.0
1139,0.02624741181898775,0.0,0.0,0.0,0.0,0.0,0.0
1140,0.016426225580797624,0.0,0.0,0.0,0.0,0.0,0.0
1141,0.009321443138443275,0.0,0.0,0.0,0.0,0.0,0.0
1142,0.005746995186918916,0.03959037912324479,0.0,0.0,0.0,0.0,0.0
1143,0.004957489813096991,0.07918075824648958,0.0,0.0,0.0,0.0,0.0
1144,0.004914847544560401,0.03959037912324479,0.0,0.0,0.0,0.0,0.0
1145,0.004202788570191659,0.0,0.0,0.0,0.0,0.0,0.0
1146,0.0028275658471904747,0.0,0.0,0.0,0.0,0.0,0.0
1147,0.0014964028146897106,0.0,0.0,0.0,0.0,0.0,0.0
1148,0.0006204303029854751,0.0,0.0,0.0,0.0,0.0,0.0
1149,0.00011454106738393566,0.0,0.0,0.0,0.0,0.0,0.0
1150,8.375931180069152e-06,0.0,0.0,0.0,0.0,0.0,0.0
1151,0.0002878386750513719,0.0,0.0,0.0,0.0,0.0,0.0
1152,0.0009209677945557699,0.0,0.0,0.0,0.0,0.0,0.0
1153,0.0020036691701391263,0.0,0.0,0.0,0.0,0.0,0.0
1154,0.0034287261217800817,0.0,0.0,0.0,0.0,0.0,0.0
1155,0.004615515251074982,0.03959037912324479,0.0,0.0,0.0,0.0,0.0
1156,0.004887866501615772,0.03959037912324479,0.0,0.0,0.0,0.0,0.0
1157,0.0040722673156749845,0.0,0.0,0.0,0.0,0.0,0.0
1158,0.002669092545734179,0.0,0.0,0.0,0.0,0.0,0.0
1159,0.0017124760889597943,0.0,0.0,0.0,0.0,0.0,0.0
1160,0.0019886002384759353,0.0,0.0,0.0,0.0,0.0,0.0
1161,0.003422008380721315,0.0,0.0,0.0,0.0,0.0,0.0
1162,0.006342543537228888,0.0,0.0,0.0,0.0,0.0,0.0
1163,0.009602405669460074,0.0,0.0,0.0,0.0,0.0,0.0
1164,0.011782628694863607,0.0,0.0,0.0,0.0,0.0,0.0
1165,0.012141119474539582,0.03959037912324479,0.0,0.0,0.0,0.0,0.0
1166,0.011122771700084846,0.03959037912324479,0.0,0.0,0.0,0.0,0.0
1167,0.009638729080688637,0.0,0.0,0.0,0.0,0.0,0.0
1168,0.008751401390250813,0.0,0.0,0.0,0.0,0.0,0.0
1169,0.008661410492446451,0.0,0.0,0.0,0.0,0.0,0.0
1170,0.009370290493152019,0.0,0.0,0.0,0.0,0.0,0.0
1171,0.00978065373908454,0.0,0.0,0.0,0.0,0.0,0.0
1172,0.00928597871336758,0.0,0.0,0.0,0.0,0.0,0.0
1173,0.008718073698591434,0.0,0.0,0.0,0.0,0.0,0.0
1174,0.010332402308573359,0.03959037912324479,0.09016696346674323,0.0,0.0,0.0,0.0
1175,0.015293093774340311,0.0,0.09016696346674323,0.0,0.0,0.0,0.0
1176,0.023205018633820476,0.0,0.0,0.0,0.0,0.0,0.0
1177,0.03188633416579882,0.0,0.0,0.0,0.0,0.0,0.0
1178,0.037459593032064656,0.0,0.09016696346674323,0.0,0.0,0.0,0.0
1179,0.03728439000943609,0.0,0.0,0.0,0.0,0.0,0.0
1180,0.03203476739564082,0.0,0.0,0.0,0.0,0.0,0.0
1181,0.024624085375648582,0.03959037912324479,0.0,0.0,0.0,0.0,0.0
1182,0.01739975382014379,0.03959037912324479,0.09016696346674323,0.0,0.0,0.0,0.0
1183,0.011662520294709508,0.0,0.0,0.0,0.0,0.0,0.0
1184,0.007759582605799808,0.0,0.0,0.0,0.0,0.0,0.0
1185,0.007265460757882241,0.0,0.0,0.0,0.0,0.0,0.0
1186,0.01059344982204357,0.03959037912324479,0.0,0.0,0.0,0.0,0.0
1187,0.017099521127476744,0.0,0.0,0.0,0.0,0.0,0.0
1188,0.0250716199486996,0.03959037912324479,0.0,0.0,0.0,0.0,0.0
1189,0.03125565572477053,0.0,0.0,0.0,0.0,0.0,0.0
1190,0.03298025855321937,0.0,0.09016696346674323,0.0,0.0,0.0,0.0
1191,0.03055603362018267,0.0,0.0,0.0,0.0,0.0,0.0
1192,0.026914713909866984,0.0,0.0,0.0,0.0,0.0,0.0
1193,0.024704701845762282,0.0,0.0,0.0,0.0,0.0,0.0
1194,0.024489719544294422,0.0,0.0,0.0,0.0,0.0,0.0
1195,0.024661786367312335,0.0,0.09016696346674323,0.0,0.0,0.0,0.0
1196,0.023130994037671857,0.0,0.18033392693348646,0.0,0.0,0.0,0.0
1197,0.01946784252940959,0.0,0.09016696346674323,0.0,0.0,0.0,0.0
1198,0.01444636810381009,0.0,0.0,0.0,0.0,0.0,0.0
1199,0.009954342191530807,0.0,0.0,0.0,0.0,0.0,0.0
1200,0.007589178870627285,0.0,0.0,0.0,0.0,0.0,0.0
1201,0.008507291310099106,0.0,0.0,0.0,0.0,0.0,0.0
1202,0.013117499049183126,0.0,0.09016696346674323,0.0,0.0,0.0,0.0
1203,0.01979949545117492,0.0,0.0,0.0,0.0,0.0,0.0
1204,0.027692773507196483,0.0,0.09016696346674323,0.0,0.0,0.0,0.0
1205,0.03569959698573904,0.0,0.0,0.0,0.0,0.0,0.0
1206,0.04168974447565489,0.0,0.0,0.0,0.0,0.0,0.0
1207,0.045802293199849485,0.0,0.0,0.0,0.0,0.0,0.0
1208,0.049295828718311306,0.0,0.0,0.0,0.0,0.0,0.0
1209,0.05217794402707996,0.0,0.0,0.0,0.0,0.0,0.0
1210,0.05248481442811325,0.0,0.0,0.0,0.0,0.3779644730092272,0.1270001270001905
1211,0.04873621439822935,0.0,0.0,0.0,0.0,0.0,0.1270001270001905
1212,0.04167177149243891,0.03959037912324479,0.0,0.0,0.0,0.0,0.0
1213,0.03402487855151171,0.0,0.0,0.0,0.0,0.0,0.0
1214,0.027956804602765648,0.0,0.0,0.0,0.0,0.0,0.0
1215,0.02482919590137992,0.0,0.0,0.0,0.0,0.0,0.0
1216,0.025009397422349925,0.0,0.0,0.0,0.0,0.0,0.0
1217,0.02657463414846799,0.0,0.0,0.0,0.0,0.0,0.0
1218,0.02775863615914123,0.03959037912324479,0.0,0.0,0.0,0.0,0.0
1219,0.02697839364268771,0.0,0.0,0.0,0.0,0.0,0.0
1220,0.023475424089121014,0.0,0.0,0.0,0.0,0.0,0.0
1221,0.01789968471390739,0.03959037912324479,0.0,0.0,0.0,0.0,0.0
1222,0.011987775689852103,0.0,0.0,0.0,0.0,0.0,0.0
1223,0.0069657050387413036,0.0,0.0,0.0,0.0,0.0,0.0
1224,0.0033453601792404896,0.0,0.0,0.0,0.0,0.0,0.0
1225,0.0017634409348158931,0.0,0.0,0.0,0.0,0.0,0.0
1226,0.002152482482327414,0.0,0.0,0.0,0.0,0.0,0.0
1227,0.00381884156565597,0.0,0.0,0.0,0.0,0.0,0.0
1228,0.006827825837310184,0.0,0.0,0.0,0.0,0.0,0.0
1229,0.009893498905511161,0.0,0.0,0.0,0.0,0.0,0.0
1230,0.011737274569117677,0.0,0.0,0.0,0.0,0.0,0.0
1231,0.012070316608159874,0.0,0.0,0.0,0.0,0.0,0.0
1232,0.011227002218704107,0.03959037912324479,0.0,0.0,0.0,0.0,0.0
1233,0.010020579830876496,0.0,0.0,0.0,0.0,0.0,0.0
1234,0.009193242945609059,0.0,0.0,0.0,0.0,0.0,0.0
1235,0.008594430430754115,0.0,0.0,0.0,0.0,0.0,0.0
1236,0.008329708723261492,0.0,0.0,0.0,0.0,0.0,0.0
1237,0.008044346413029252,0.03959037912324479,0.0,0.0,0.0,0.0,0.0
1238,0.007308057330062098,0.0,0.0,0.0,0.0,0.0,0.0
1239,0.006170940897706202,0.0,0.0,0.0,0.0,0.0,0.0
1240,0.004563497017373021,0.0,0.0,0.0,0.0,0.0,0.0
1241,0.0031384647899629615,0.0,0.0,0.0,0.0,0.0,0.0
1242,0.0028985671107855343,0.0,0.0,0.0,0.0,0.0,0.0
1243,0.004016092707241615,0.0,0.0,0.0,0.0,0.0,0.0
1244,0.006252694596961546,0.0,0.0,0.0,0.0,0.0,0.0
1245,0.009064320136274066,0.0,0.0,0.0,0.0,0.0,0.0
1246,0.01093260924337846,0.0,0.0,0.0,0.0,0.0,0.0
1247,0.011843670707906932,0.0,0.0,0.0,0.0,0.0,0.0
1248,0.012426033103010523,0.0,0.0,0.0,0.0,0.0,0.0
1249,0.013520450557304812,0.0,0.0,0.0,0.0,0.0,0.1270001270001905
1250,0.01607745759633582,0.03959037912324479,0.0,0.0,0.07001400420140048,0.0,0.1270001270001905
1251,0.01992427557353514,0.0,0.0,0.0,0.0,0.0,0.0
1252,0.024628937296118224,0.03959037912324479,0.0,0.0,0.0,0.0,0.0
1253,0.029913724576802393,0.0,0.0,0.0,0.0,0.0,0.0
1254,0.03463019416506906,0.0,0.0,0.0,0.0,0.0,0.0
1255,0.03775300251699918,0.0,0.0,0.0,0.0,0.0,0.0
1256,0.03778959349397817,0.0,0.0,0.0,0.0,0.0,0.0
1257,0.0336886842568634,0.0,0.0,0.15249857033260467,0.3500700210070024,0.0,0.0
1258,0.027150648064243388,0.03959037912324479,0.0,0.0,0.0,0.0,0.0
1259,0.02078638413462247,0.0,0.0,0.0,0.0,0.0,0.0
1260,0.016098248271256443,0.0,0.0,0.0,0.0,0.0,0.0
1261,0.013650407749426323,0.0,0.0,0.0,0.0,0.0,0.0
1262,0.013091766028877228,0.0,0.0,0.0,0.0,0.0,0.0
1263,0.015041541982402424,0.0,0.0,0.0,0.0,0.0,0.0
1264,0.019332795767734206,0.0,0.0,0.0,0.0,0.0,0.0
1265,0.02428210332494345,0.03959037912324479,0.0,0.0,0.0,0.0,0.0
1266,0.026974091894453888,0.03959037912324479,0.0,0.0,0.0,0.0,0.0
1267,0.025427582552827652,0.0,0.0,0.0,0.0,0.0,0.0
1268,0.019847570320426885,0.0,0.0,0.15249857033260467,0.0,0.0,0.0
1269,0.012650394386594453,0.0,0.0,0.0,0.0,0.0,0.0
1270,0.006412995418581397,0.0,0.0,0.0,0.0,0.0,0.0
1271,0.0025811862546363806,0.0,0.0,0.0,0.0,0.0,0.0
1272,0.0010206906352672417,0.0,0.0,0.0,0.0,0.0,0.0
1273,0.0016019250220378315,0.0,0.0,0.0,0.0,0.0,0.0
1274,0.003912005434949835,0.0,0.0,0.0,0.21004201260420147,0.0,0.0
1275,0.007320892151371321,0.0,0.0,0.0,0.0,0.0,0.0
1276,0.011091236330572646,0.0,0.0,0.0,0.0,0.0,0.0
1277,0.01363435256064124,0.0,0.0,0.0,0.0,0.0,0.0
1278,0.013869626323058088,0.0,0.0,0.0,0.0,0.0,0.0
1279,0.011863704745603451,0.0,0.0,0.0,0.0,0.0,0.0
1280,0.009149876148638601,0.03959037912324479,0.0,0.0,0.0,0.0,0.0
1281,0.007430071005973645,0.0,0.0,0.0,0.0,0.0,0.0
1282,0.006978566305303,0.0,0.0,0.0,0.0,0.0,0.0
1283,0.007454541364143269,0.0,0.0,0.0,0.0,0.0,0.0
1284,0.008350505144940328,0.0,0.0,0.0,0.0,0.0,0.0
1285,0.009320095241960513,0.03959037912324479,0.0,0.0,0.0,0.0,0.0
1286,0.010581314525059332,0.0,0.0,0.0,0.0,0.0,0.0
1287,0.01222558811556971,0.0,0.0,0.0,0.0,0.0,0.0
1288,0.015074063080097304,0.0,0.0,0.0,0.0,0.0,0.0
1289,0.01994077922194327,0.0,0.0,0.0,0.0,0.0,0.0
1290,0.026123301684331853,0.03959037912324479,0.0,0.0,0.0,0.0,0.0
1291,0.0314697947411523,0.0,0.0,0.0,0.0,0.0,0.0
1292,0.03320251961128937,0.0,0.0,0.15249857033260467,0.0,0.0,0.0
1293,0.03045293530143371,0.0,0.0,0.0,0.0,0.0,0.0
1294,0.024943062144065043,0.0,0.0,0.0,0.0,0.0,0.0
1295,0.01941834084994674,0.0,0.0,0.0,0.0,0.0,0.0
1296,0.01556589368558277,0.03959037912324479,0.0,0.15249857033260467,0.0,0.0,0.0
1297,0.014382784901149255,0.0,0.0,0.0,0.0,0.0,0.0
1298,0.014610068501446326,0.0,0.0,0.0,0.0,0.0,0.0
1299,0.015941542444944858,0.0,0.0,0.0,0.0,0.0,0.0
1300,0.016837368791120806,0.03959037912324479,0.0,0.0,0.0,0.0,0.0
1301,0.016903543991521598,0.03959037912324479,0.0,0.0,0.0,0.0,0.0
1302,0.016554971772538066,0.03959037912324479,0.0,0.0,0.0,0.0,0.0
1303,0.018004353681034535,0.0,0.0,0.0,0.0,0.0,0.0
1304,0.02331630460949402,0.0,0.0,0.0,0.0,0.0,0.0
1305,0.03395822386171506,0.03959037912324479,0.0,0.0,0.0,0.0,0.0
1306,0.04832283140544883,0.0,0.0,0.0,0.0,0.0,0.0
1307,0.06151021394275205,0.03959037912324479,0.0,0.0,0.0,0.0,0.0
1308,0.06857337722509238,0.03959037912324479,0.0,0.0,0.0,0.0,0.1270001270001905
1309,0.06800151308592875,0.0,0.0,0.0,0.0,0.0,0.1270001270001905
1310,0.06397407603839425,0.0,0.0,0.0,0.0,0.0,0.0
1311,0.06122124635771065,0.0,0.0,0.0,0.0,0.0,0.0
1312,0.06274086496812055,0.0,0.0,0.0,0.0,0.0,0.0
1313,0.0664302066847206,0.0,0.0,0.0,0.07001400420140048,0.0,0.0
1314,0.06938370841910543,0.0,0.0,0.0,0.0,0.0,0.1270001270001905
1315,0.06914160749186371,0.03959037912324479,0.0,0.0,0.14002800840280097,0.3779644730092272,0.1270001270001905
1316,0.0640812871049174,0.0,0.0,0.0,0.0,0.0,0.0
1317,0.054577420835267135,0.0,0.0,0.0,0.0,0.0,0.0
1318,0.04271367986616807,0.0,0.0,0.0,0.0,0.0,0.0
1319,0.03208098409905832,0.0,0.0,0.0,0.0,0.0,0.0
1320,0.024952682822855784,0.0,0.0,0.0,0.0,0.0,0.0
1321,0.021416143481937905,0.0,0.0,0.0,0.0,0.0,0.0
1322,0.01939254991719639,0.0,0.0,0.0,0.0,0.0,0.0
1323,0.018583351555189902,0.0,0.0,0.0,0.0,0.0,0.0
1324,0.01836170239951582,0.0,0.0,0.0,0.0,0.0,0.0
1325,0.01797258109830839,0.0,0.0,0.0,0.0,0.0,0.0
1326,0.016340471499639936,0.0,0.0,0.0,0.0,0.0,0.0
1327,0.012774063503033945,0.0,0.0,0.0,0.0,0.0,0.0
1328,0.008238040945247656,0.0,0.0,0.0,0.0,0.0,0.0
1329,0.00457577693287491,0.0,0.0,0.0,0.0,0.0,0.0
1330,0.0027813106445116094,0.0,0.0,0.0,0.0,0.0,0.0
1331,0.0029420769415512034,0.0,0.0,0.0,0.0,0.0,0.0
1332,0.005038187948623388,0.0,0.0,0.0,0.0,0.0,0.0
1333,0.008379800581077384,0.0,0.0,0.0,0.0,0.0,0.0
1334,0.011912952331022644,0.0,0.0,0.0,0.0,0.3779644730092272,0.0
1335,0.014826499527967888,0.0,0.0,0.0,0.07001400420140048,0.0,0.0
1336,0.01692295953088973,0.0,0.0,0.0,0.0,0.0,0.0
1337,0.017761473461799366,0.0,0.0,0.0,0.0,0.0,0.0
1338,0.01662894419354539,0.0,0.0,0.0,0.0,0.0,0.0
1339,0.013761589919986087,0.0,0.0,0.0,0.0,0.0,0.0
1340,0.010502106014857791,0.0,0.0,0.0,0.0,0.0,0.0
1341,0.00868639528688272,0.0,0.0,0.0,0.0,0.0,0.0
1342,0.009299910946080287,0.0,0.0,0.0,0.0,0.0,0.0
1343,0.011063670697088785,0.0,0.0,0.0,0.0,0.0,0.0
1344,0.012499486325357344,0.0,0.0,0.0,0.0,0.0,0.0
1345,0.01232417613048927,0.0,0.0,0.0,0.0,0.0,0.0
1346,0.010351797871846685,0.0,0.0,0.0,0.0,0.0,0.1270001270001905
1347,0.0074595255192753855,0.0,0.0,0.0,0.0,0.0,0.1270001270001905
1348,0.00458106957533491,0.0,0.0,0.0,0.0,0.0,0.0
1349,0.002189860589949416,0.0,0.0,0.0,0.0,0.0,0.0
1350,0.0009184906597634739,0.0,0.0,0.0,0.0,0.0,0.0
1351,0.00028638897035451044,0.0,0.0,0.0,0.0,0.0,0.0
1352,8.173635974978815e-06,0.0,0.0,0.0,0.0,0.0,0.0
1353,0.0,0.0,0.0,0.0,0.0,0.0,0.0
1354,9.603866900746215e-06,0.0,0.0,0.0,0.0,0.0,0.0
1355,0.0005464945427363332,0.0,0.0,0.0,0.0,0.0,0.0
1356,0.002138848685654222,0.0,0.0,0.0,0.0,0.0,0.0
1357,0.004954739440478449,0.0,0.0,0.0,0.0,0.0,0.0
1358,0.008972549186855267,0.0,0.0,0.0,0.0,0.0,0.0
1359,0.012875082205340959,0.0,0.0,0.0,0.0,0.0,0.0
1360,0.014932865100304114,0.0,0.0,0.0,0.0,0.0,0.0
1361,0.014128118240951951,0.0,0.0,0.0,0.0,0.0,0.0
1362,0.011787683912612309,0.0,0.0,0.0,0.0,0.0,0.0
1363,0.01097697964297111,0.0,0.0,0.0,0.0,0.0,0.0
1364,0.0139004560834004,0.0,0.0,0.0,0.0,0.0,0.0
1365,0.020599813387014384,0.0,0.0,0.0,0.0,0.0,0.0
1366,0.030595084942711934,0.03959037912324479,0.0,0.0,0.07001400420140048,0.0,0.0
1367,0.04085200399809758,0.0,0.0,0.0,0.0,0.0,0.0
1368,0.047233379529228854,0.0,0.0,0.0,0.0,0.0,0.0
1369,0.04719862226331723,0.0,0.0,0.0,0.0,0.0,0.0
1370,0.04210086367837389,0.0,0.0,0.0,0.0,0.0,0.0
1371,0.03484166743271652,0.0,0.0,0.0,0.0,0.0,0.1270001270001905
1372,0.026780665503887028,0.0,0.0,0.0,0.0,0.0,0.1270001270001905
1373,0.018435651856455456,0.0,0.0,0.0,0.0,0.0,0.0
1374,0.011269513688161321,0.0,0.0,0.0,0.0,0.0,0.0
1375,0.0069109165690018305,0.0,0.0,0.0,0.0,0.0,0.0
1376,0.005661309292421557,0.0,0.0,0.0,0.0,0.0,0.0
1377,0.0072722162850823785,0.0,0.0,0.0,0.0,0.0,0.0
1378,0.010609697404938275,0.0,0.0,0.0,0.0,0.0,0.0
1379,0.013676439142271337,0.03959037912324479,0.0,0.0,0.0,0.0,0.0
1380,0.014573929975744955,0.0,0.0,0.0,0.0,0.0,0.0
1381,0.013236755576169766,0.03959037912324479,0.0,0.0,0.0,0.0,0.0
1382,0.010916282000098296,0.0,0.0,0.0,0.0,0.0,0.0
1383,0.009032815850260242,0.03959037912324479,0.0,0.0,0.0,0.0,0.0
1384,0.00806543125817882,0.03959037912324479,0.0,0.0,0.0,0.0,0.0
1385,0.008001400710033659,0.0,0.0,0.0,0.0,0.0,0.0
1386,0.008912871418909382,0.0,0.0,0.0,0.0,0.0,0.0
1387,0.010278429658593893,0.0,0.0,0.0,0.0,0.0,0.0
1388,0.01105446069327189,0.0,0.0,0.0,0.0,0.0,0.1270001270001905
1389,0.010385916744976133,0.0,0.0,0.0,0.0,0.0,0.1270001270001905
1390,0.009214356298669537,0.0,0.0,0.0,0.0,0.0,0.0
1391,0.009538407234151112,0.0,0.0,0.0,0.0,0.0,0.0
1392,0.012306829339268095,0.0,0.0,0.0,0.0,0.0,0.0
1393,0.018244136475680905,0.0,0.0,0.0,0.0,0.0,0.0
1394,0.02723934865654002,0.0,0.0,0.0,0.0,0.0,0.0
1395,0.036873434421865706,0.0,0.0,0.0,0.0,0.0,0.0
1396,0.04382766119060372,0.0,0.0,0.0,0.0,0.0,0.0
1397,0.04669714331056224,0.0,0.0,0.0,0.0,0.0,0.0
1398,0.04711934792565525,0.0,0.0,0.0,0.0,0.0,0.0
1399,0.04847518198043774,0.0,0.0,0.0,0.0,0.0,0.0
1400,0.051934964491237426,0.03959037912324479,0.0,0.0,0.0,0.0,0.0
1401,0.055230388543413576,0.0,0.0,0.0,0.0,0.0,0.0
1402,0.05500900698705755,0.03959037912324479,0.0,0.0,0.0,0.0,0.0
1403,0.049063781481396486,0.03959037912324479,0.0,0.0,0.0,0.0,0.0
1404,0.03962293910254257,0.0,0.0,0.0,0.0,0.0,0.0
1405,0.030484036803607156,0.03959037912324479,0.0,0.0,0.0,0.0,0.0
1406,0.024504836451724833,0.0,0.0,0.0,0.0,0.0,0.0
1407,0.021601120364210958,0.0,0.0,0.0,0.0,0.0,0.0
1408,0.01983982798503774,0.0,0.0,0.0,0.0,0.0,0.0
1409,0.017236576577482805,0.07918075824648958,0.0,0.0,0.0,0.0,0.0
1410,0.014827768772987289,0.0,0.0,0.0,0.0,0.0,0.0
1411,0.013626762487830492,0.0,0.0,0.0,0.0,0.0,0.0
1412,0.014607348122080952,0.0,0.0,0.0,0.0,0.0,0.0
1413,0.0166462110961344,0.0,0.0,0.0,0.0,0.0,0.0
1414,0.017624908780570405,0.0,0.0,0.0,0.0,0.0,0.0
1415,0.016079441520116554,0.0,0.0,0.0,0.0,0.0,0.0
1416,0.011948611084818726,0.0,0.0,0.0,0.0,0.0,0.0
1417,0.00707668693242868,0.0,0.0,0.0,0.0,0.0,0.0
1418,0.003322902241631015,0.03959037912324479,0.0,0.0,0.0,0.0,0.0
1419,0.00118752787538273,0.0,0.0,0.0,0.0,0.0,0.0
1420,9.970021056238708e-05,0.0,0.0,0.0,0.0,0.0,0.0
1421,0.0,0.0,0.0,0.0,0.0,0.0,0.0
1422,0.00015705391942608555,0.0,0.0,0.0,0.0,0.0,0.0
1423,0.0006999609130066143,0.0,0.0,0.0,0.0,0.0,0.0
1424,0.0016345641208107826,0.0,0.0,0.0,0.0,0.0,0.0
1425,0.0030016408436302597,0.0,0.0,0.0,0.0,0.0,0.0
1426,0.004342603206407036,0.0,0.0,0.0,0.0,0.0,0.0
1427,0.005563680695851404,0.0,0.0,0.0,0.0,0.0,0.0
1428,0.007097940289303275,0.0,0.0,0.0,0.0,0.0,0.0
1429,0.009521030325321107,0.0,0.0,0.0,0.0,0.0,0.0
1430,0.014236239933462359,0.0,0.0,0.0,0.0,0.0,0.0
1431,0.020222386338242762,0.0,0.0,0.0,0.0,0.0,0.0
1432,0.02566160496568132,0.07918075824648958,0.0,0.0,0.0,0.0,0.0
1433,0.0290427686533993,0.0,0.0,0.0,0.0,0.0,0.0
1434,0.030140509547611837,0.03959037912324479,0.0,0.0,0.0,0.0,0.0
1435,0.02974609287664491,0.0,0.0,0.0,0.0,0.0,0.0
1436,0.02806847777262449,0.0,0.0,0.0,0.0,0.0,0.0
1437,0.024610584727621666,0.0,0.0,0.0,0.0,0.0,0.0
1438,0.020149245206032822,0.0,0.0,0.0,0.0,0.0,0.0
1439,0.016507752663770477,0.0,0.0,0.0,0.0,0.0,0.0
1440,0.015441300048526096,0.03959037912324479,0.0,0.0,0.0,0.0,0.0
1441,0.017865962128934196,0.0,0.0,0.0,0.0,0.0,0.1270001270001905
1442,0.022322048743230086,0.0,0.0,0.0,0.0,0.0,0.1270001270001905
1443,0.02651923822884303,0.0,0.0,0.0,0.0,0.0,0.0
1444,0.02849694146699439,0.0,0.0,0.0,0.0,0.0,0.0
1445,0.027376982517114734,0.0,0.0,0.0,0.0,0.0,0.0
1446,0.023769644201768404,0.0,0.0,0.0,0.0,0.0,0.0
1447,0.01875000853705967,0.0,0.09016696346674323,0.0,0.0,0.0,0.0
1448,0.013750574282317234,0.0,0.0,0.0,0.0,0.0,0.0
1449,0.009895192928549143,0.0,0.0,0.0,0.0,0.0,0.0
1450,0.007845702712515255,0.0,0.09016696346674323,0.0,0.0,0.0,0.0
1451,0.007628146229008627,0.03959037912324479,0.0,0.0,0.0,0.0,0.0
1452,0.008906652274345539,0.0,0.0,0.0,0.0,0.0,0.0
1453,0.012491521380613602,0.0,0.0,0.0,0.0,0.0,0.0
1454,0.017850096255585507,0.0,0.09016696346674323,0.0,0.0,0.0,0.0
1455,0.023448378573895323,0.03959037912324479,0.0,0.0,0.0,0.0,0.0
1456,0.02652463878540206,0.0,0.0,0.0,0.14002800840280097,0.0,0.0
1457,0.025457624077642512,0.0,0.0,0.0,0.0,0.0,0.0
1458,0.02074008377755719,0.0,0.0,0.0,0.0,0.0,0.0
1459,0.0157112087420665,0.0,0.0,0.0,0.0,0.0,0.0
1460,0.013751502638453171,0.0,0.0,0.0,0.0,0.0,0.0
1461,0.016049349548987495,0.0,0.0,0.0,0.0,0.0,0.0
1462,0.02153995907476403,0.0,0.0,0.0,0.0,0.0,0.0
1463,0.02701971004668629,0.0,0.0,0.0,0.0,0.0,0.0
1464,0.028908762595196986,0.03959037912324479,0.0,0.0,0.0,0.0,0.0
1465,0.026552335822094826,0.0,0.0,0.0,0.0,0.0,0.0
1466,0.022000850179970593,0.0,0.0,0.0,0.0,0.0,0.0
1467,0.018222256119955496,0.0,0.0,0.0,0.0,0.0,0.0
1468,0.017034955923749658,0.0,0.0,0.0,0.0,0.0,0.0
1469,0.018910159825417452,0.03959037912324479,0.0,0.0,0.0,0.0,0.0
1470,0.023811705040137698,0.0,0.0,0.0,0.0,0.0,0.0
1471,0.03200903129304517,0.0,0.0,0.0,0.0,0.0,0.0
1472,0.0415835717707609,0.0,0.0,0.0,0.0,0.0,0.0
1473,0.04851893832866922,0.0,0.0,0.0,0.0,0.0,0.0
1474,0.048444556320325474,0.0,0.0,0.0,0.0,0.0,0.0
1475,0.04125129270297133,0.0,0.0,0.0,0.0,0.0,0.0
1476,0.031164892567111385,0.0,0.0,0.0,0.0,0.0,0.0
1477,0.02179149520840835,0.0,0.0,0.0,0.0,0.0,0.0
1478,0.014274853674658222,0.0,0.0,0.0,0.0,0.0,0.0
1479,0.008507774880678196,0.0,0.09016696346674323,0.0,0.0,0.0,0.0
1480,0.00475042679359591,0.0,0.0,0.0,0.0,0.0,0.0
1481,0.0025543245321009707,0.0,0.09016696346674323,0.0,0.0,0.0,0.0
1482,0.0022877474588303957,0.0,0.0,0.0,0.0,0.0,0.0
1483,0.003912659583751552,0.0,0.0,0.0,0.0,0.0,0.0
1484,0.0073895516077650564,0.0,0.0,0.0,0.0,0.0,0.0
1485,0.011486229485394012,0.03959037912324479,0.0,0.0,0.0,0.0,0.0
1486,0.014578187391707543,0.0,0.0,0.0,0.0,0.0,0.0
1487,0.015687696080613076,0.0,0.0,0.0,0.0,0.0,0.0
1488,0.01571036370340777,0.0,0.09016696346674323,0.0,0.0,0.0,0.0
1489,0.01779208786006938,0.0,0.0,0.0,0.0,0.0,0.0
1490,0.02307528684539019,0.03959037912324479,0.0,0.0,0.0,0.0,0.0
1491,0.03103703454647853,0.0,0.09016696346674323,0.0,0.0,0.0,0.0
1492,0.03902679376039352,0.03959037912324479,0.0,0.0,0.0,0.0,0.0
1493,0.04445708963725729,0.0,0.0,0.0,0.0,0.0,0.0
1494,0.045885747374516145,0.0,0.09016696346674323,0.0,0.0,0.0,0.0
1495,0.044812890903477016,0.0,0.0,0.0,0.0,0.0,0.0
1496,0.043642387222711555,0.0,0.0,0.0,0.0,0.0,0.0
1497,0.04299253708130084,0.0,0.0,0.0,0.0,0.0,0.0
1498,0.04153044279686762,0.0,0.0,0.0,0.0,0.0,0.0
1499,0.03891143980214022,0.0,0.0,0.0,0.0,0.0,0.0
1500,0.03618170963104365,0.0,0.09016696346674323,0.0,0.0,0.0,0.0
1501,0.03295443394567132,0.11877113736973437,0.0,0.0,0.0,0.0,0.0
1502,0.029298841738204486,0.0,0.0,0.0,0.0,0.0,0.0
1503,0.025365337612450363,0.0,0.0,0.0,0.0,0.0,0.0
1504,0.021817881535427595,0.0,0.0,0.0,0.0,0.0,0.0
1505,0.019314814051899054,0.0,0.0,0.0,0.0,0.0,0.0
1506,0.017905908132168125,0.0,0.0,0.0,0.0,0.0,0.0
1507,0.01693364627701643,0.11877113736973437,0.0,0.0,0.0,0.0,0.0
1508,0.014957530709531715,0.0,0.0,0.0,0.0,0.0,0.0
1509,0.011380413869179784,0.0,0.0,0.0,0.0,0.0,0.0
1510,0.007691787621863841,0.0,0.0,0.0,0.0,0.0,0.0
1511,0.005176897887165566,0.0,0.0,0.0,0.0,0.0,0.0
1512,0.0046556184811654905,0.03959037912324479,0.0,0.0,0.0,0.0,0.0
1513,0.005806891026776095,0.0,0.0,0.0,0.0,0.0,0.0
1514,0.007594028772050335,0.0,0.0,0.0,0.0,0.0,0.0
1515,0.008704403378811374,0.03959037912324479,0.0,0.0,0.0,0.0,0.0
1516,0.00852996377803223,0.03959037912324479,0.0,0.0,0.0,0.0,0.0
1517,0.007543094219378133,0.0,0.0,0.0,0.0,0.0,0.0
1518,0.00719349081551622,0.0,0.0,0.0,0.0,0.0,0.0
1519,0.008680870818230857,0.03959037912324479,0.0,0.0,0.0,0.0,0.0
1520,0.012412358336243106,0.0,0.0,0.0,0.0,0.0,0.0
1521,0.017186856713412912,0.0,0.0,0.0,0.0,0.0,0.0
1522,0.020802843544896272,0.0,0.0,0.0,0.0,0.0,0.0
1523,0.02169495063811512,0.0,0.0,0.0,0.0,0.0,0.0
1524,0.01930412156537244,0.0,0.0,0.0,0.0,0.0,0.0
1525,0.015145670318162899,0.15836151649297917,0.0,0.0,0.0,0.0,0.0
1526,0.011106298225814635,0.0,0.0,0.0,0.0,0.0,0.0
1527,0.008332755140188136,0.0,0.0,0.0,0.0,0.0,0.0
1528,0.006738160457823158,0.0,0.0,0.0,0.0,0.0,0.0
1529,0.006229864349819369,0.0,0.0,0.0,0.0,0.0,0.0
1530,0.007332064224590805,0.0,0.0,0.0,0.0,0.0,0.0
1531,0.01003760093675104,0.0,0.0,0.0,0.0,0.0,0.0
1532,0.013956099417519168,0.0,0.0,0.0,0.0,0.0,0.0
1533,0.0181889642979343,0.0,0.0,0.0,0.0,0.0,0.0
1534,0.021898701202807985,0.0,0.0,0.0,0.0,0.0,0.0
1535,0.024290277494698764,0.03959037912324479,0.0,0.0,0.0,0.0,0.0
1536,0.025707330144732032,0.0,0.0,0.0,0.0,0.0,0.0
1537,0.025635478802210725,0.0,0.0,0.0,0.0,0.0,0.0
1538,0.02384289953889469,0.0,0.0,0.0,0.0,0.0,0.0
1539,0.020503208843890494,0.0,0.0,0.0,0.0,0.0,0.0
1540,0.01650932611083261,0.07918075824648958,0.0,0.0,0.0,0.0,0.0
1541,0.01324650386775945,0.0,0.0,0.0,0.0,0.0,0.0
1542,0.010835099308367487,0.03959037912324479,0.0,0.0,0.0,0.0,0.0
1543,0.009059125171853585,0.0,0.0,0.0,0.0,0.0,0.0
1544,0.007895071922819888,0.03959037912324479,0.0,0.0,0.0,0.0,0.0
1545,0.007183019300526409,0.03959037912324479,0.0,0.0,0.0,0.0,0.0
1546,0.006381405993305641,0.0,0.0,0.0,0.0,0.0,0.0
1547,0.005342775005823466,0.03959037912324479,0.0,0.0,0.0,0.0,0.0
1548,0.0037419266573076935,0.0,0.0,0.0,0.0,0.0,0.0
1549,0.002251752129846953,0.0,0.0,0.0,0.0,0.0,0.0
1550,0.0015347768988837904,0.0,0.0,0.0,0.0,0.0,0.0
1551,0.0017867626832420045,0.0,0.0,0.0,0.0,0.0,0.0
1552,0.0032456116203780005,0.0,0.0,0.0,0.0,0.0,0.0
1553,0.005575210609991481,0.03959037912324479,0.0,0.0,0.0,0.0,0.0
1554,0.007864212308505182,0.0,0.0,0.0,0.0,0.0,0.0
1555,0.00944757319581998,0.03959037912324479,0.0,0.0,0.0,0.0,0.0
1556,0.010056226475959195,0.0,0.0,0.0,0.0,0.0,0.0
1557,0.010061566097608849,0.0,0.0,0.0,0.0,0.0,0.0
1558,0.010332376363424593,0.03959037912324479,0.0,0.0,0.0,0.0,0.0
1559,0.010779428157773158,0.0,0.0,0.0,0.0,0.0,0.0
1560,0.010461503738999192,0.03959037912324479,0.0,0.0,0.0,0.0,0.0
1561,0.008953253944047196,0.0,0.0,0.0,0.0,0.0,0.0
1562,0.007179547847193771,0.0,0.0,0.0,0.0,0.0,0.0
1563,0.006243044416635336,0.0,0.0,0.0,0.0,0.0,0.0
1564,0.007005664657195102,0.0,0.0,0.0,0.0,0.0,0.0
1565,0.008692400801286157,0.03959037912324479,0.0,0.0,0.0,0.0,0.0
1566,0.00993523645990827,0.0,0.0,0.0,0.0,0.0,0.0
1567,0.009737625311717605,0.0,0.0,0.0,0.0,0.0,0.0
1568,0.008612727047864548,0.0,0.0,0.0,0.0,0.0,0.0
1569,0.008347600572054161,0.0,0.0,0.0,0.0,0.0,0.0
1570,0.010017260642774977,0.0,0.0,0.0,0.0,0.0,0.0
1571,0.012972953371738013,0.03959037912324479,0.0,0.0,0.0,0.0,0.0
1572,0.01575985836225053,0.0,0.0,0.0,0.0,0.0,0.0
1573,0.01710040074255183,0.03959037912324479,0.0,0.0,0.0,0.0,0.0
1574,0.016420916141277896,0.0,0.0,0.0,0.0,0.0,0.0
1575,0.01453044419209758,0.0,0.0,0.0,0.0,0.0,0.0
1576,0.012876159166798335,0.0,0.0,0.0,0.0,0.0,0.0
1577,0.012035396723166772,0.0,0.0,0.0,0.0,0.0,0.0
1578,0.011094391263175305,0.03959037912324479,0.0,0.0,0.0,0.0,0.0
1579,0.009251163086588635,0.0,0.0,0.0,0.0,0.0,0.0
1580,0.006545625995592684,0.0,0.0,0.0,0.0,0.0,0.0
1581,0.0042826392447938635,0.0,0.0,0.0,0.0,0.0,0.0
1582,0.003134382320606735,0.0,0.0,0.0,0.0,0.0,0.0
1583,0.0032736815181511987,0.0,0.0,0.0,0.0,0.0,0.0
1584,0.004204227526401395,0.0,0.0,0.0,0.0,0.0,0.0
1585,0.0051090866354392495,0.0,0.0,0.0,0.0,0.0,0.0
1586,0.005394884874965483,0.07918075824648958,0.0,0.0,0.0,0.0,0.0
1587,0.005608880285823782,0.0,0.0,0.0,0.0,0.0,0.0
1588,0.006405393115076515,0.03959037912324479,0.0,0.0,0.0,0.0,0.0
1589,0.007941404306524525,0.03959037912324479,0.0,0.0,0.0,0.0,0.0
1590,0.00922624650438696,0.03959037912324479,0.0,0.0,0.0,0.0,0.0
1591,0.009183329247591519,0.0,0.0,0.0,0.0,0.0,0.0
1592,0.007577418540919403,0.07918075824648958,0.0,0.0,0.0,0.0,0.0
1593,0.005043628344430754,0.0,0.0,0.0,0.0,0.0,0.0
1594,0.0028365813706347823,0.03959037912324479,0.0,0.0,0.0,0.0,0.0
1595,0.001740224427115053,0.0,0.0,0.0,0.0,0.0,0.0
1596,0.001865464944802338,0.03959037912324479,0.0,0.0,0.0,0.0,0.0
1597,0.002930627503823867,0.0,0.0,0.0,0.0,0.0,0.0
1598,0.004287673939667425,0.0,0.0,0.0,0.0,0.0,0.0
1599,0.005234756250659253,0.03959037912324479,0.0,0.0,0.0,0.0,0.0
1600,0.005421311269910958,0.03959037912324479,0.0,0.0,0.0,0.0,0.0
1601,0.0052458527193974015,0.0,0.0,0.0,0.0,0.0,0.0
1602,0.005471360846813951,0.03959037912324479,0.0,0.0,0.0,0.0,0.0
1603,0.00698392850595119,0.03959037912324479,0.0,0.0,0.0,0.0,0.0
1604,0.009460010226354638,0.0,0.0,0.0,0.0,0.0,0.0
1605,0.013260758306082,0.03959037912324479,0.0,0.0,0.0,0.0,0.0
1606,0.018057517306789114,0.0,0.0,0.0,0.0,0.0,0.0
1607,0.022029389069539364,0.0,0.0,0.0,0.0,0.0,0.0
1608,0.02301329805176953,0.0,0.0,0.0,0.0,0.0,0.0
1609,0.02007329039753154,0.0,0.0,0.0,0.0,0.0,0.0
1610,0.014709600457767135,0.0,0.0,0.0,0.0,0.0,0.0
1611,0.009372894517997022,0.0,0.0,0.0,0.0,0.0,0.0
1612,0.00668118422120568,0.03959037912324479,0.0,0.0,0.0,0.0,0.0
1613,0.007142131196920005,0.0,0.0,0.0,0.0,0.0,0.0
1614,0.011844073827970716,0.0,0.0,0.0,0.0,0.0,0.0
1615,0.01859728634034506,0.31672303298595833,0.0,0.0,0.0,0.0,0.0
1616,0.02479397926728101,0.0,0.0,0.0,0.0,0.0,0.0
1617,0.027766680963520318,0.0,0.0,0.0,0.0,0.0,0.0
1618,0.027386318290548994,0.03959037912324479,0.0,0.0,0.0,0.0,0.0
1619,0.025283975321054426,0.0,0.0,0.0,0.0,0.0,0.0
1620,0.023300015322245543,0.03959037912324479,0.0,0.0,0.0,0.0,0.0
1621,0.024001434965651883,0.0,0.0,0.0,0.0,0.0,0.0
1622,0.027781434046714876,0.0,0.0,0.0,0.0,0.0,0.0
1623,0.03353802485518169,0.0,0.0,0.0,0.0,0.0,0.0
1624,0.03875647291968832,0.0,0.0,0.0,0.0,0.0,0.0
1625,0.04216042708541603,0.0,0.2705008904002297,0.0,0.0,0.0,0.0
1626,0.042195213247312895,0.03959037912324479,0.0,0.0,0.0,0.0,0.0
1627,0.03906171993326463,0.0,0.0,0.0,0.0,0.0,0.1270001270001905
1628,0.0345479610113045,0.0,0.0,0.0,0.0,0.0,0.1270001270001905
1629,0.03168910558444953,0.0,0.0,0.0,0.0,0.0,0.0
1630,0.03215217079336396,0.0,0.0,0.0,0.0,0.0,0.0
1631,0.03426112859062199,0.03959037912324479,0.0,0.0,0.0,0.0,0.0
1632,0.03739422023624524,0.0,0.0,0.0,0.0,0.0,0.0
1633,0.04163223531709062,0.0,0.0,0.0,0.0,0.0,0.0
1634,0.04520185302226643,0.2771326538627135,0.0,0.0,0.0,0.0,0.0
1635,0.0453717823431651,0.03959037912324479,0.0,0.0,0.0,0.0,0.0
1636,0.04013154220362484,0.0,0.0,0.0,0.0,0.0,0.0
1637,0.03070170906187588,0.0,0.0,0.0,0.0,0.0,0.0
1638,0.020643276011528162,0.0,0.0,0.0,0.0,0.0,0.0
1639,0.012880923230431884,0.03959037912324479,0.0,0.0,0.0,0.0,0.0
1640,0.008186486033142539,0.0,0.0,0.0,0.0,0.0,0.0
1641,0.006925859938232283,0.03959037912324479,0.0,0.0,0.0,0.0,0.0
1642,0.00688783942248576,0.03959037912324479,0.0,0.0,0.0,0.0,0.0
1643,0.007362060533711108,0.0,0.0,0.0,0.0,0.0,0.0
1644,0.008007153604133328,0.0,0.0,0.0,0.0,0.0,0.0
1645,0.008571088729811483,0.03959037912324479,0.0,0.0,0.0,0.0,0.0
1646,0.008696631938823902,0.03959037912324479,0.0,0.0,0.0,0.0,0.0
1647,0.008204521119648957,0.0,0.0,0.0,0.0,0.0,0.0
1648,0.007320749998279772,0.0,0.0,0.0,0.0,0.0,0.0
1649,0.006427884602675514,0.0,0.0,0.0,0.0,0.0,0.0
1650,0.00628899477794855,0.0,0.0,0.0,0.0,0.0,0.0
1651,0.006913056287914629,0.03959037912324479,0.0,0.0,0.0,0.0,0.1270001270001905
1652,0.007722153179947609,0.03959037912324479,0.0,0.0,0.0,0.0,0.1270001270001905
1653,0.0079775819004325,0.0,0.0,0.0,0.0,0.0,0.0
1654,0.007595558025273815,0.0,0.0,0.0,0.0,0.0,0.0
1655,0.006699778634217801,0.0,0.0,0.0,0.0,0.0,0.0
1656,0.005938295985770992,0.0,0.0,0.0,0.0,0.0,0.0
1657,0.0060055696026848565,0.0,0.0,0.0,0.0,0.0,0.0
1658,0.007246878721149894,0.0,0.0,0.0,0.0,0.0,0.0
1659,0.008958564835510758,0.03959037912324479,0.0,0.0,0.0,0.0,0.0
1660,0.01025938776070783,0.0,0.0,0.0,0.0,0.0,0.0
1661,0.0108985998398543,0.0,0.0,0.0,0.0,0.0,0.0
1662,0.011149372257970929,0.0,0.09016696346674323,0.0,0.0,0.0,0.0
1663,0.011749604895492514,0.03959037912324479,0.0,0.0,0.0,0.0,0.0
1664,0.01221214115355165,0.0,0.0,0.0,0.0,0.0,0.0
1665,0.012026414563925591,0.07918075824648958,0.0,0.0,0.0,0.0,0.0
1666,0.010951316304443228,0.03959037912324479,0.0,0.0,0.0,0.0,0.0
1667,0.009707653356824197,0.03959037912324479,0.09016696346674323,0.0,0.0,0.0,0.0
1668,0.008747804550304366,0.03959037912324479,0.0,0.0,0.0,0.0,0.0
1669,0.008481202583370418,0.0,0.0,0.0,0.0,0.0,0.0
1670,0.00967331762586193,0.03959037912324479,0.0,0.0,0.0,0.0,0.0
1671,0.011901508312972575,0.0,0.0,0.0,0.0,0.0,0.0
1672,0.014181779641651755,0.03959037912324479,0.0,0.0,0.0,0.0,0.0
1673,0.01616660469009239,0.0,0.0,0.0,0.0,0.0,0.0
1674,0.01780485624215447,0.03959037912324479,0.0,0.0,0.0,0.0,0.0
1675,0.01894056240751624,0.03959037912324479,0.0,0.0,0.0,0.0,0.0
1676,0.018981577307454575,0.0,0.0,0.0,0.0,0.0,0.0
1677,0.017415904983585976,0.0,0.0,0.0,0.0,0.0,0.0
1678,0.01502597124402368,0.0,0.0,0.0,0.0,0.0,0.0
1679,0.012523926676913117,0.0,0.0,0.0,0.0,0.0,0.0
1680,0.010226017756533288,0.0,0.0,0.0,0.0,0.0,0.0
1681,0.008888525736573935,0.0,0.0,0.0,0.0,0.0,0.0
1682,0.008315586670259403,0.0,0.09016696346674323,0.0,0.0,0.0,0.0
1683,0.008441160442977151,0.07918075824648958,0.0,0.0,0.0,0.0,0.0
1684,0.009048454685977751,0.0,0.0,0.0,0.0,0.0,0.0
1685,0.009886131267445775,0.03959037912324479,0.0,0.0,0.0,0.0,0.0
1686,0.01098942944097744,0.0,0.0,0.0,0.0,0.0,0.0
1687,0.011528243900836715,0.03959037912324479,0.0,0.0,0.0,0.0,0.0
1688,0.011092303884071031,0.0,0.0,0.0,0.0,0.0,0.0
1689,0.009884917793131795,0.0,0.0,0.0,0.0,0.0,0.0
1690,0.008226048135000844,0.03959037912324479,0.0,0.0,0.0,0.0,0.0
1691,0.006828408014064097,0.0,0.0,0.0,0.0,0.0,0.0
1692,0.006170448480985094,0.0,0.0,0.0,0.0,0.0,0.0
1693,0.006894075328129313,0.0,0.0,0.0,0.0,0.0,0.0
1694,0.008690657068276632,0.0,0.0,0.0,0.0,0.0,0.0
1695,0.009898211617452373,0.0,0.0,0.0,0.0,0.0,0.0
1696,0.00935345655171511,0.0,0.0,0.0,0.0,0.0,0.0
1697,0.007104185701270389,0.0,0.0,0.0,0.0,0.0,0.0
1698,0.004248656200276985,0.0,0.0,0.0,0.0,0.0,0.0
1699,0.0020003215773868686,0.03959037912324479,0.0,0.0,0.0,0.0,0.0
1700,0.0006686824691783313,0.0,0.09016696346674323,0.0,0.0,0.0,0.0
1701,0.0003358273114361513,0.0,0.0,0.0,0.0,0.0,0.0
1702,0.0017363909122592087,0.0,0.0,0.0,0.0,0.0,0.0
1703,0.004725200240420074,0.0,0.0,0.0,0.0,0.0,0.0
1704,0.01024201701176243,0.0,0.0,0.0,0.0,0.0,0.0
1705,0.018033523305365694,0.03959037912324479,0.0,0.0,0.0,0.0,0.0
1706,0.02652565766309221,0.03959037912324479,0.0,0.0,0.0,0.0,0.0
1707,0.033444872725881064,0.03959037912324479,0.0,0.0,0.0,0.0,0.0
1708,0.03697049246556221,0.0,0.0,0.0,0.0,0.0,0.0
1709,0.036310905663807666,0.03959037912324479,0.0,0.0,0.0,0.0,0.0
1710,0.03181640254240245,0.0,0.0,0.0,0.0,0.0,0.0
1711,0.02466702406567772,0.0,0.0,0.0,0.0,0.0,0.0
1712,0.01752234616760173,0.0,0.0,0.0,0.0,0.0,0.0
1713,0.012644329515307485,0.03959037912324479,0.0,0.0,0.0,0.0,0.0
1714,0.009765089411583876,0.0,0.0,0.0,0.0,0.0,0.0
1715,0.008991014606316364,0.0,0.0,0.0,0.0,0.0,0.0
1716,0.008923017127504526,0.0,0.0,0.0,0.0,0.0,0.0
1717,0.009147111745622306,0.0,0.0,0.0,0.0,0.0,0.0
1718,0.009029564934447959,0.0,0.0,0.0,0.0,0.0,0.0
1719,0.008781480300371033,0.0,0.0,0.0,0.0,0.0,0.0
1720,0.008871229337763992,0.0,0.0,0.0,0.0,0.0,0.0
1721,0.009855475062496932,0.0,0.0,0.0,0.0,0.0,0.0
1722,0.011893252341241722,0.0,0.0,0.0,0.0,0.0,0.0
1723,0.014188299345692369,0.0,0.0,0.0,0.0,0.0,0.0
1724,0.014840921649293575,0.0,0.0,0.0,0.0,0.0,0.0
1725,0.013206743771387653,0.0,0.0,0.0,0.0,0.0,0.0
1726,0.010939944107979323,0.0,0.0,0.0,0.0,0.0,0.0
1727,0.010032219743988907,0.0,0.0,0.0,0.0,0.0,0.0
1728,0.012851044997091832,0.0,0.0,0.0,0.0,0.0,0.0
1729,0.01958786052600648,0.03959037912324479,0.0,0.0,0.0,0.0,0.0
1730,0.030107913789982108,0.03959037912324479,0.0,0.0,0.0,0.0,0.0
1731,0.04311615451518233,0.0,0.0,0.0,0.0,0.0,0.0
1732,0.05701812686591985,0.31672303298595833,0.0,0.0,0.0,0.0,0.0
1733,0.06851099505292889,0.03959037912324479,0.0,0.0,0.0,0.0,0.0
1734,0.07344845225084495,0.0,0.0,0.0,0.21004201260420147,0.0,0.0
1735,0.06865044407627849,0.0,0.0,0.0,0.0,0.0,0.0
1736,0.05587301552604187,0.0,0.0,0.0,0.0,0.0,0.0
1737,0.0398986749388187,0.0,0.0,0.0,0.0,0.0,0.0
1738,0.025498984258656033,0.0,0.0,0.0,0.0,0.0,0.0
1739,0.015327026999178777,0.0,0.0,0.0,0.0,0.0,0.0
1740,0.00960577577740917,0.0,0.0,0.0,0.0,0.0,0.0
1741,0.007218669975084257,0.0,0.0,0.0,0.0,0.0,0.0
1742,0.0059548856232345335,0.0,0.0,0.0,0.0,0.0,0.0
1743,0.004690915797537798,0.0,0.0,0.0,0.0,0.0,0.0
1744,0.003051963636998087,0.0,0.0,0.0,0.0,0.0,0.0
1745,0.0018357897724914011,0.03959037912324479,0.0,0.0,0.0,0.0,0.0
1746,0.0014426701101879675,0.0,0.0,0.0,0.0,0.0,0.0
1747,0.001846834563421732,0.0,0.0,0.0,0.0,0.0,0.0
1748,0.0030572649496381455,0.0,0.0,0.0,0.0,0.0,0.0
1749,0.004376195166689124,0.0,0.0,0.0,0.0,0.0,0.0
1750,0.004927951614974234,0.0,0.0,0.0,0.0,0.0,0.0
1751,0.004365709638763619,0.0,0.0,0.0,0.0,0.0,0.0
1752,0.0032865634019250446,0.0,0.0,0.0,0.0,0.0,0.0
1753,0.0032622627147925764,0.0,0.0,0.0,0.0,0.0,0.0
1754,0.004745138939922107,0.0,0.0,0.0,0.0,0.0,0.0
1755,0.00800941218253122,0.0,0.0,0.0,0.0,0.0,0.0
1756,0.01203575668419703,0.0,0.0,0.0,0.0,0.0,0.0
1757,0.014562413055120248,0.0,0.0,0.0,0.0,0.0,0.0
1758,0.013889913521058313,0.0,0.0,0.0,0.0,0.0,0.0
1759,0.010444579735753344,0.0,0.0,0.0,0.0,0.0,0.0
1760,0.006191550074257017,0.0,0.0,0.0,0.0,0.0,0.0
1761,0.0028932755642005624,0.0,0.0,0.0,0.0,0.0,0.0
1762,0.0009380536696119951,0.0,0.0,0.0,0.0,0.0,0.0
1763,5.221014775079237e-05,0.0,0.0,0.0,0.0,0.0,0.0
1764,8.54896705060796e-06,0.0,0.0,0.0,0.0,0.0,0.0
1765,0.000991301659142191,0.03959037912324479,0.0,0.0,0.0,0.0,0.0
1766,0.005304045161753697,0.0,0.0,0.0,0.0,0.0,0.0
1767,0.014274280124957437,0.0,0.0,0.0,0.0,0.0,0.0
1768,0.029057188334953712,0.0,0.0,0.0,0.0,0.0,0.1270001270001905
1769,0.04719217644973118,0.0,0.0,0.0,0.0,0.0,0.1270001270001905
1770,0.062075057105237176,0.0,0.0,0.0,0.0,0.0,0.0
1771,0.06739969465552341,0.03959037912324479,0.0,0.0,0.0,0.0,0.0
1772,0.06132195255909757,0.0,0.0,0.0,0.28005601680560194,0.0,0.0
1773,0.04861486599911059,0.0,0.09016696346674323,0.0,0.0,0.0,0.0
1774,0.03586244732333942,0.0,0.0,0.0,0.0,0.0,0.0
1775,0.026754344873913052,0.0,0.0,0.0,0.0,0.0,0.0
1776,0.022589314672622884,0.0,0.0,0.0,0.0,0.0,0.0
1777,0.023205102787008332,0.0,0.09016696346674323,0.0,0.0,0.0,0.0
1778,0.02584697112385993,0.03959037912324479,0.0,0.0,0.0,0.0,0.0
1779,0.028660665669629656,0.0,0.0,0.0,0.0,0.0,0.0
1780,0.029562526821624024,0.07918075824648958,0.0,0.0,0.0,0.0,0.0
1781,0.02771973755076337,0.0,0.0,0.0,0.0,0.0,0.0
1782,0.024674252393234005,0.0,0.0,0.0,0.0,0.0,0.0
1783,0.022245504629685667,0.0,0.0,0.0,0.0,0.0,0.0
1784,0.022370725220713587,0.0,0.0,0.0,0.0,0.0,0.0
1785,0.025869798716241045,0.0,0.0,0.0,0.0,0.0,0.0
1786,0.03191689965453971,0.0,0.0,0.0,0.0,0.0,0.0
1787,0.039465212712905935,0.0,0.0,0.0,0.0,0.0,0.1270001270001905
1788,0.04840921709295784,0.0,0.0,0.0,0.0,0.0,0.0
1789,0.057997649577557604,0.0,0.0,0.0,0.0,0.0,0.0
1790,0.06496669269557477,0.03959037912324479,0.0,0.0,0.21004201260420147,0.3779644730092272,0.1270001270001905
1791,0.0661677898610919,0.0,0.0,0.0,0.0,0.0,0.0
1792,0.06053297599810617,0.0,0.0,0.0,0.0,0.0,0.0
1793,0.049488470710786665,0.0,0.0,0.0,0.0,0.0,0.0
1794,0.03621762207152555,0.0,0.0,0.0,0.0,0.0,0.0
1795,0.023381767988047048,0.0,0.0,0.0,0.0,0.0,0.0
1796,0.014569255951007477,0.0,0.0,0.0,0.0,0.0,0.0
1797,0.010411372640084897,0.0,0.0,0.0,0.0,0.0,0.0
1798,0.009278486209046737,0.0,0.0,0.0,0.0,0.0,0.0
1799,0.009068696481325585,0.0,0.0,0.0,0.0,0.0,0.1270001270001905
1800,0.008837971410557147,0.0,0.0,0.0,0.0,0.0,0.0
1801,0.007789819270787226,0.0,0.0,0.0,0.0,0.0,0.1270001270001905
1802,0.006730820419014954,0.0,0.0,0.0,0.0,0.0,0.0
1803,0.006126770949891339,0.0,0.0,0.0,0.0,0.0,0.0
1804,0.005994275920417976,0.0,0.0,0.0,0.0,0.0,0.0
1805,0.0058186983130548925,0.0,0.0,0.0,0.0,0.0,0.0
1806,0.005538419627652112,0.0,0.0,0.0,0.0,0.0,0.0
